timestamp,subjectivity,compound,pos_pol,neg_pol,neu_pol
2016-01-01 00:00:00+00:00,0.26897512437810944,0.3012298507462687,0.15232537313432837,0.0367044776119403,0.8110149253731344
2016-01-02 00:00:00+00:00,0.3018705035971223,0.3884794964028777,0.17309352517985613,0.014298561151079137,0.8126330935251799
2016-01-03 00:00:00+00:00,0.36997429018555783,0.4286694835680751,0.18661971830985916,0.005384976525821596,0.8080046948356808
2016-01-04 00:00:00+00:00,0.3640422322775264,0.3932579185520362,0.17971945701357467,0.009153846153846155,0.8111402714932127
2016-01-05 00:00:00+00:00,0.4314065510597303,0.3990468208092486,0.18540462427745666,0.008219653179190753,0.8063815028901735
2016-01-06 00:00:00+00:00,0.32283734783734785,0.41473589743589745,0.18017094017094018,0.004807692307692308,0.8150299145299146
2016-01-07 00:00:00+00:00,0.2650400916380298,0.41833264604811,0.17868384879725085,0.005398625429553265,0.8159209621993126
2016-01-08 00:00:00+00:00,0.3145790080738177,0.3225709342560554,0.16375086505190312,0.030989619377162627,0.8053148788927337
2016-01-09 00:00:00+00:00,0.28510228640192536,0.3683823104693141,0.16949097472924188,0.020570397111913358,0.809971119133574
2016-01-10 00:00:00+00:00,0.2693073593073593,0.38065227272727276,0.16947077922077922,0.012698051948051948,0.8178441558441559
2016-01-11 00:00:00+00:00,0.3171643883631265,0.2690690851735016,0.1495173501577287,0.042974763406940064,0.8075615141955836
2016-01-12 00:00:00+00:00,0.37481893004115224,0.26574444444444445,0.15648518518518517,0.04643333333333333,0.7971481481481482
2016-01-13 00:00:00+00:00,0.3483732173072274,0.4012086294416244,0.17819796954314723,0.009812182741116752,0.812005076142132
2016-01-14 00:00:00+00:00,0.32872222222222225,0.26391473684210526,0.15116842105263156,0.04656491228070176,0.8023368421052631
2016-01-15 00:00:00+00:00,0.2946115288220551,0.3441274436090226,0.16489473684210526,0.023571428571428573,0.8115526315789473
2016-01-16 00:00:00+00:00,0.23644866385372712,0.2095185654008439,0.1341012658227848,0.06338396624472574,0.8025907172995781
2016-01-17 00:00:00+00:00,0.26706172839506176,0.34449074074074076,0.1646,0.025581481481481483,0.809862962962963
2016-01-18 00:00:00+00:00,0.34378878878878877,0.36120900900900904,0.17350000000000002,0.022423423423423423,0.8041081081081081
2016-01-19 00:00:00+00:00,0.3434136546184739,0.395621686746988,0.17904819277108436,0.011638554216867469,0.8093192771084338
2016-01-20 00:00:00+00:00,0.2691382113821138,0.35703560975609755,0.1697268292682927,0.02219512195121951,0.8081121951219513
2016-01-21 00:00:00+00:00,0.3502923976608187,0.400811403508772,0.18085964912280703,0.011293859649122807,0.807859649122807
2016-01-22 00:00:00+00:00,0.37135416666666665,0.33667749999999996,0.17041,0.029375,0.800255
2016-01-23 00:00:00+00:00,0.3177363184079602,0.2684929104477612,0.14930597014925373,0.045723880597014925,0.8050149253731343
2016-01-24 00:00:00+00:00,0.34054621848739497,0.35456302521008404,0.1683949579831933,0.021978991596638655,0.8096428571428571
2016-01-25 00:00:00+00:00,0.367261335156072,0.43769234449760763,0.1904354066985646,0.0029138755980861243,0.8066507177033493
2016-01-26 00:00:00+00:00,0.2559002976190476,0.3806058035714286,0.17558928571428573,0.01842410714285714,0.8060223214285714
2016-01-27 00:00:00+00:00,0.35601484680368173,0.2977223300970874,0.1580485436893204,0.03853883495145631,0.8034563106796117
2016-01-28 00:00:00+00:00,0.3265157944365865,0.06804125412541256,0.1050924092409241,0.08637623762376238,0.8085940594059405
2016-01-29 00:00:00+00:00,0.2540574433656958,0.15365145631067964,0.12051941747572817,0.06272815533980583,0.8167621359223302
2016-01-30 00:00:00+00:00,0.2467539983164983,0.1310090277777778,0.1161423611111111,0.0756875,0.8082083333333334
2016-01-31 00:00:00+00:00,0.16977603826918894,0.22255114155251143,0.12562557077625572,0.045077625570776256,0.8293059360730594
2016-02-01 00:00:00+00:00,0.18629737609329444,0.19796428571428573,0.1219030612244898,0.051168367346938776,0.8269336734693878
2016-02-02 00:00:00+00:00,0.22851944271158242,0.15679781659388647,0.11696943231441048,0.06433187772925765,0.8187161572052402
2016-02-03 00:00:00+00:00,0.24880580357142854,0.06027734375000001,0.09819921875,0.0908203125,0.81104296875
2016-02-04 00:00:00+00:00,0.3353635747407989,0.08852562277580071,0.11150889679715302,0.08275800711743772,0.8057971530249111
2016-02-05 00:00:00+00:00,0.29404048892284185,0.272744705882353,0.14792352941176473,0.037523529411764706,0.814564705882353
2016-02-06 00:00:00+00:00,0.22766793131961668,0.15455337078651687,0.11544943820224719,0.061292134831460676,0.8232696629213483
2016-02-07 00:00:00+00:00,0.2404941057059701,0.10504830508474577,0.107,0.07570762711864407,0.8173220338983052
2016-02-08 00:00:00+00:00,0.23881909702921375,0.12334824902723736,0.11164591439688716,0.07135797665369649,0.8170428015564202
2016-02-09 00:00:00+00:00,0.2502225189141077,0.09397242990654207,0.10438785046728973,0.0775,0.8181542056074766
2016-02-10 00:00:00+00:00,0.24280305411493527,0.14552244224422445,0.12165676567656766,0.06801320132013201,0.8103795379537954
2016-02-11 00:00:00+00:00,0.2098205659075224,0.16348739130434783,0.1189913043478261,0.05870869565217391,0.8223217391304347
2016-02-12 00:00:00+00:00,0.23187649489019352,0.13415479452054796,0.12301369863013699,0.07264383561643836,0.8044200913242009
2016-02-13 00:00:00+00:00,0.2678253968253968,0.351183,0.17304,0.024943333333333335,0.8020366666666666
2016-02-14 00:00:00+00:00,0.3346181199752628,0.2618157142857143,0.152775,0.04718928571428572,0.8000642857142857
2016-02-15 00:00:00+00:00,0.2986632981166743,0.27736302250803857,0.15818649517684888,0.04514790996784566,0.7966816720257235
2016-02-16 00:00:00+00:00,0.34590437788018435,0.3670358870967742,0.1825967741935484,0.024580645161290323,0.7928548387096774
2016-02-17 00:00:00+00:00,0.3742398354690713,0.21944750830564785,0.1429667774086379,0.0565514950166113,0.800514950166113
2016-02-18 00:00:00+00:00,0.35581877355258645,0.31117589928057554,0.16155035971223022,0.033453237410071945,0.8050323741007195
2016-02-19 00:00:00+00:00,0.33787435456110154,0.24041716867469878,0.15351807228915665,0.05538253012048193,0.7911355421686747
2016-02-20 00:00:00+00:00,0.3615020773410035,0.2751181208053691,0.16173825503355704,0.04618791946308725,0.7921006711409396
2016-02-21 00:00:00+00:00,0.3747639841962986,0.28897685589519656,0.1553231441048035,0.036733624454148475,0.8079606986899563
2016-02-22 00:00:00+00:00,0.30271474506201196,0.2526257234726688,0.15579099678456593,0.052755627009646304,0.7915016077170418
2016-02-23 00:00:00+00:00,0.3526263962375073,0.24336141975308645,0.15457716049382716,0.05454938271604938,0.7909351851851852
2016-02-24 00:00:00+00:00,0.3706628982528263,0.277018345323741,0.15734892086330937,0.04401798561151079,0.798658273381295
2016-02-25 00:00:00+00:00,0.38971109782825264,0.30745648535564857,0.16131799163179916,0.03268619246861925,0.8060041841004185
2016-02-26 00:00:00+00:00,0.2797050989849003,0.3776350993377483,0.26125318390219054,0.05304941416199694,0.6856917982679571
2016-02-27 00:00:00+00:00,0.2818944395161016,0.4197326955955386,0.28356541561507775,0.043498982333306194,0.6729325083448668
2016-02-28 00:00:00+00:00,0.2872726996222275,0.4278421168203777,0.2815783047870004,0.038955994729907774,0.6794702678963549
2016-02-29 00:00:00+00:00,0.31513227513227515,0.3091144781144781,0.15912457912457914,0.03494276094276094,0.805949494949495
2016-03-01 00:00:00+00:00,0.3590524640088593,0.3328686046511628,0.16890697674418606,0.03127906976744186,0.7998449612403101
2016-03-02 00:00:00+00:00,0.3066831501831502,0.3829903846153846,0.17397307692307695,0.01572692307692308,0.8103038461538462
2016-03-03 00:00:00+00:00,0.3433736884584342,0.37163762711864406,0.1690915254237288,0.019525423728813558,0.8113898305084746
2016-03-04 00:00:00+00:00,0.39892146410803125,0.2334089552238806,0.14938805970149255,0.05432089552238806,0.7963656716417911
2016-03-05 00:00:00+00:00,0.30688906331763477,0.18581868131868134,0.13331593406593406,0.06779945054945055,0.7989478021978023
2016-03-06 00:00:00+00:00,0.3060421545667447,0.17133237704918033,0.1345532786885246,0.07302049180327869,0.7924959016393442
2016-03-07 00:00:00+00:00,0.30478303442589155,0.27415,0.1537564935064935,0.04788961038961039,0.7983993506493506
2016-03-08 00:00:00+00:00,0.4461079365079365,0.3442857777777778,0.17548000000000002,0.029071111111111114,0.7954622222222223
2016-03-09 00:00:00+00:00,0.401881136292901,0.3340029411764706,0.1734656862745098,0.030833333333333334,0.7957205882352941
2016-03-10 00:00:00+00:00,0.3203464970403746,0.3641240816326531,0.16912244897959183,0.02166122448979592,0.8092204081632653
2016-03-11 00:00:00+00:00,0.3813582646064398,0.3237437956204379,0.16383211678832116,0.029843065693430655,0.8063430656934307
2016-03-12 00:00:00+00:00,0.3373926073926074,0.35023006993006994,0.17026573426573427,0.025444055944055945,0.8042937062937062
2016-03-13 00:00:00+00:00,0.32028155706727135,0.36181111111111114,0.18355555555555556,0.026376984126984127,0.7900952380952382
2016-03-14 00:00:00+00:00,0.41243239271017046,0.3269814814814815,0.1783991769547325,0.0323045267489712,0.789358024691358
2016-03-15 00:00:00+00:00,0.42192320025653357,0.3874939393939394,0.18631313131313132,0.018308080808080808,0.7953787878787879
2016-03-16 00:00:00+00:00,0.36198058841370945,0.34480891719745227,0.17031210191082802,0.027019108280254778,0.8026815286624204
2016-03-17 00:00:00+00:00,0.34875332741792364,0.23618385093167704,0.17122981366459628,0.06708074534161491,0.7617701863354037
2016-03-18 00:00:00+00:00,0.35923570341378563,0.20035616438356166,0.14492694063926942,0.06570776255707762,0.7894611872146119
2016-03-19 00:00:00+00:00,0.3485789871504157,0.3194015873015873,0.17455555555555555,0.03841269841269841,0.7870476190476191
2016-03-20 00:00:00+00:00,0.39753879079721777,0.07415280898876406,0.1211067415730337,0.10198314606741574,0.7770168539325842
2016-03-21 00:00:00+00:00,0.2755065856129686,0.14502872340425532,0.12041489361702129,0.08342553191489362,0.7961808510638297
2016-03-22 00:00:00+00:00,0.33504910135260324,0.16330544747081713,0.1385058365758755,0.07951361867704279,0.7820661478599222
2016-03-23 00:00:00+00:00,0.3736599953991258,0.22895314009661838,0.14858454106280194,0.0639903381642512,0.787463768115942
2016-03-24 00:00:00+00:00,0.3423872595395774,0.18966158940397354,0.14074834437086092,0.06738410596026491,0.7919304635761589
2016-03-25 00:00:00+00:00,0.36074171604125516,0.09279216589861752,0.11519354838709678,0.09010599078341014,0.7947695852534562
2016-03-26 00:00:00+00:00,0.3893929135635297,0.10777488151658769,0.1216303317535545,0.08924644549763033,0.7891800947867298
2016-03-27 00:00:00+00:00,0.3406371562709591,0.21370563380281693,0.14355633802816903,0.06163732394366197,0.7948732394366197
2016-03-28 00:00:00+00:00,0.2648952380952381,0.34279661538461537,0.1631446153846154,0.027510769230769234,0.8093600000000001
2016-03-29 00:00:00+00:00,0.2922759961127308,0.2788391836734694,0.15631836734693877,0.042616326530612245,0.8010897959183674
2016-03-30 00:00:00+00:00,0.34148148148148144,0.32266622222222224,0.1678,0.033653333333333334,0.7985511111111111
2016-03-31 00:00:00+00:00,0.3777225672877847,0.32608532608695656,0.17399456521739132,0.03833695652173913,0.7876684782608696
2016-04-01 00:00:00+00:00,0.3594968503096306,0.33826412556053814,0.17053363228699553,0.031905829596412555,0.7975560538116592
2016-04-02 00:00:00+00:00,0.4049909123954925,0.15821908396946566,0.13825190839694657,0.07696564885496184,0.7848740458015268
2016-04-03 00:00:00+00:00,0.37568969371786276,0.3014159624413145,0.16446948356807514,0.03887793427230047,0.7966666666666666
2016-04-04 00:00:00+00:00,0.35997741389045734,0.18335296442687748,0.14029644268774702,0.0706600790513834,0.789098814229249
2016-04-05 00:00:00+00:00,0.360366414478564,0.2145563862928349,0.14413707165109035,0.06172897196261683,0.7941993769470406
2016-04-06 00:00:00+00:00,0.31643526890362333,0.25836582278481013,0.1503607594936709,0.04870253164556962,0.8009810126582279
2016-04-07 00:00:00+00:00,0.342346064092789,0.31925327510917034,0.16661572052401746,0.033502183406113537,0.7998995633187772
2016-04-08 00:00:00+00:00,0.275695670995671,0.2830415,0.160145,0.040780000000000004,0.7990950000000001
2016-04-09 00:00:00+00:00,0.4007227513227513,0.08824755555555557,0.11452,0.09353333333333334,0.79204
2016-04-10 00:00:00+00:00,0.3353901633646159,0.32953649635036497,0.16636496350364965,0.034014598540145984,0.7996204379562044
2016-04-11 00:00:00+00:00,0.2698820445609436,0.25237155963302754,0.14482568807339452,0.052573394495412845,0.8026697247706422
2016-04-12 00:00:00+00:00,0.2694208885989708,0.1631648401826484,0.1233744292237443,0.07479908675799087,0.8018767123287671
2016-04-13 00:00:00+00:00,0.25927339843618913,0.3173711627906977,0.1554,0.03522325581395349,0.8094046511627907
2016-04-14 00:00:00+00:00,0.26208424908424904,0.35443,0.16486923076923077,0.02972307692307692,0.8054230769230769
2016-04-15 00:00:00+00:00,0.32393128941074145,0.2650675799086758,0.15084931506849317,0.05084018264840183,0.7983698630136987
2016-04-16 00:00:00+00:00,0.3582656778558418,0.31710819672131146,0.16392349726775957,0.041185792349726774,0.7949180327868852
2016-04-17 00:00:00+00:00,0.3913442697653224,0.33044976076555027,0.16923923444976077,0.03628708133971292,0.7944928229665073
2016-04-18 00:00:00+00:00,0.3625113739763421,0.3300184713375796,0.16627388535031848,0.03556050955414013,0.7981910828025478
2016-04-19 00:00:00+00:00,0.38343943638061284,0.35472352941176477,0.18037433155080215,0.030481283422459895,0.7891818181818182
2016-04-20 00:00:00+00:00,0.3533650793650793,0.258522962962963,0.15472592592592593,0.0544962962962963,0.7908222222222222
2016-04-21 00:00:00+00:00,0.2579064890204787,0.3345943005181347,0.16498445595854924,0.03701036269430052,0.7980621761658032
2016-04-22 00:00:00+00:00,0.3866524094667807,0.3437167664670659,0.1728443113772455,0.03360479041916168,0.7935688622754492
2016-04-23 00:00:00+00:00,0.3781578032672923,0.32376715328467154,0.16914598540145986,0.039817518248175185,0.791065693430657
2016-04-24 00:00:00+00:00,0.35499332443257675,0.3979906542056075,0.19710280373831776,0.022654205607476635,0.7802616822429906
2016-04-25 00:00:00+00:00,0.34452566964285714,0.4017484375,0.197625,0.0250078125,0.7773828125000001
2016-04-26 00:00:00+00:00,0.4347314986600701,0.39579107142857145,0.19020238095238096,0.01586309523809524,0.7939464285714286
2016-04-27 00:00:00+00:00,0.3211138595903789,0.4052972375690608,0.2495524861878453,0.027627624309392265,0.7228243093922653
2016-04-28 00:00:00+00:00,0.38141636141636137,0.27967222222222227,0.16811965811965812,0.04737606837606838,0.7845940170940171
2016-04-29 00:00:00+00:00,0.3864950396825397,0.2983620833333333,0.17161250000000003,0.041712500000000007,0.7867375
2016-04-30 00:00:00+00:00,0.42303539597657247,0.39607433155080213,0.19105882352941178,0.016016042780748665,0.7929465240641712
2016-05-01 00:00:00+00:00,0.4297246127366609,0.38903313253012045,0.18433132530120483,0.01510843373493976,0.8005722891566266
2016-05-02 00:00:00+00:00,0.4207904761904762,0.4049474285714286,0.1864457142857143,0.011222857142857142,0.8023371428571429
2016-05-03 00:00:00+00:00,0.3711987462223311,0.3494528301886793,0.17271698113207548,0.024476415094339624,0.8028301886792454
2016-05-04 00:00:00+00:00,0.4182445200302343,0.25418373015873014,0.15786111111111112,0.052083333333333336,0.7901349206349206
2016-05-05 00:00:00+00:00,0.4181218161683278,0.3112637209302326,0.16961395348837208,0.03832558139534884,0.7921162790697674
2016-05-06 00:00:00+00:00,0.3806748025843503,0.36019396984924623,0.18436180904522614,0.027241206030150754,0.7884371859296483
2016-05-07 00:00:00+00:00,0.39542533518261674,0.39501650485436895,0.18594660194174756,0.014033980582524272,0.8000388349514562
2016-05-08 00:00:00+00:00,0.37878958479943703,0.282784236453202,0.1656009852216749,0.04548275862068966,0.788985221674877
2016-05-09 00:00:00+00:00,0.3891764069264069,0.3960075,0.19308750000000002,0.0177875,0.78914375
2016-05-10 00:00:00+00:00,0.37028990299823633,0.34450555555555556,0.17206018518518518,0.030208333333333334,0.7977638888888889
2016-05-11 00:00:00+00:00,0.38801178203240055,0.40710154639175256,0.18734536082474226,0.009737113402061856,0.8029278350515464
2016-05-12 00:00:00+00:00,0.425858843537415,0.41966547619047617,0.19219642857142857,0.006845238095238094,0.8009642857142858
2016-05-13 00:00:00+00:00,0.42104723374356884,0.42335445026178015,0.19641361256544504,0.009256544502617802,0.7943350785340315
2016-05-14 00:00:00+00:00,0.453452380952381,0.45501312499999996,0.20935625,0.003,0.78765
2016-05-15 00:00:00+00:00,0.4645566010835472,0.4331131736526946,0.20817964071856288,0.01101197604790419,0.780808383233533
2016-05-16 00:00:00+00:00,0.4433381191672649,0.3564557788944724,0.1883417085427136,0.028125628140703518,0.7835778894472363
2016-05-17 00:00:00+00:00,0.38874604387209427,0.2952760504201681,0.16252521008403364,0.03960084033613446,0.7979243697478992
2016-05-18 00:00:00+00:00,0.4224361332515839,0.23072703862660943,0.15139055793991416,0.05595278969957082,0.792755364806867
2016-05-19 00:00:00+00:00,0.35452677336494764,0.3303062240663901,0.16671784232365147,0.02924066390041494,0.804078838174274
2016-05-20 00:00:00+00:00,0.38436115040075436,0.42514009900990096,0.18935148514851485,0.0061732673267326735,0.804480198019802
2016-05-21 00:00:00+00:00,0.3403641456582633,0.4196269607843137,0.18158333333333332,0.0048529411764705885,0.8135686274509805
2016-05-22 00:00:00+00:00,0.38288919413919414,0.36349807692307695,0.17573557692307695,0.02002403846153846,0.8042692307692308
2016-05-23 00:00:00+00:00,0.4097629179331307,0.24374127659574468,0.15251914893617022,0.05283404255319149,0.7947191489361702
2016-05-24 00:00:00+00:00,0.4170913770913771,0.2848153153153153,0.16054504504504505,0.0419009009009009,0.7976081081081082
2016-05-25 00:00:00+00:00,0.40399687743950036,0.37724918032786886,0.18041803278688523,0.017442622950819674,0.8021475409836066
2016-05-26 00:00:00+00:00,0.3425009838646202,0.03291590909090909,0.1196590909090909,0.10590909090909091,0.7745227272727273
2016-05-27 00:00:00+00:00,0.2976417233560091,0.007497619047619048,0.10888095238095238,0.11159523809523811,0.7796904761904762
2016-05-28 00:00:00+00:00,0.38446743835874264,-0.07199565217391303,0.0885391304347826,0.13688695652173913,0.7747130434782609
2016-05-29 00:00:00+00:00,0.35397732426303846,-0.06508857142857143,0.08759047619047618,0.13747619047619047,0.7751047619047619
2016-05-30 00:00:00+00:00,0.3124430641821946,-0.06941130434782608,0.09244347826086957,0.1376,0.7701391304347827
2016-05-31 00:00:00+00:00,0.34387182910547387,-0.08107383177570093,0.08780373831775701,0.14323364485981308,0.7691401869158878
2016-06-01 00:00:00+00:00,0.35211169782598345,-0.057674725274725266,0.09506593406593407,0.13614285714285715,0.768978021978022
2016-06-02 00:00:00+00:00,0.35274424921483744,0.05701176470588236,0.12977941176470587,0.10798529411764705,0.7623970588235295
2016-06-03 00:00:00+00:00,0.37926104902849084,0.04096511627906977,0.1268139534883721,0.11267441860465116,0.7606511627906977
2016-06-04 00:00:00+00:00,0.3751914098972922,0.013455882352941177,0.10226470588235294,0.12252941176470589,0.775264705882353
2016-06-05 00:00:00+00:00,0.31176755447941884,0.10528305084745762,0.16074576271186442,0.09528813559322034,0.744186440677966
2016-06-06 00:00:00+00:00,0.3593771258503401,-0.008142857142857137,0.11316071428571428,0.11896428571428572,0.7680535714285714
2016-06-07 00:00:00+00:00,0.3577954144620811,-0.03810925925925926,0.09974074074074074,0.13392592592592592,0.7665
2016-06-08 00:00:00+00:00,0.37272380952380946,-0.08148,0.08410666666666666,0.14302666666666666,0.7730133333333333
2016-06-09 00:00:00+00:00,0.3597619047619047,0.0022575342465753433,0.11084931506849316,0.11768493150684933,0.7716575342465753
2016-06-10 00:00:00+00:00,0.35682251082251076,-0.07447909090909091,0.09122727272727273,0.13698181818181818,0.7719636363636363
2016-06-11 00:00:00+00:00,0.3509986772486772,0.0579,0.12958333333333333,0.10347222222222223,0.7671111111111111
2016-06-12 00:00:00+00:00,0.3352380952380952,0.08411166666666667,0.13108333333333333,0.09668333333333333,0.7723666666666666
2016-06-13 00:00:00+00:00,0.42625138427464004,0.1348581395348837,0.1416395348837209,0.08776744186046512,0.770720930232558
2016-06-14 00:00:00+00:00,0.366285594035594,-0.05495181818181818,0.09076363636363637,0.1299,0.7794818181818182
2016-06-15 00:00:00+00:00,0.36238421077130745,-0.0563516129032258,0.09098924731182795,0.13748387096774192,0.7716989247311828
2016-06-16 00:00:00+00:00,0.3021308611067647,0.09665903614457831,0.1271807228915663,0.08427710843373494,0.7886144578313253
2016-06-17 00:00:00+00:00,0.2889724310776942,0.14212105263157895,0.14189473684210527,0.07744736842105264,0.7807894736842106
2016-06-18 00:00:00+00:00,0.35647907647907645,0.16664583333333335,0.15754166666666666,0.08170833333333334,0.760875
2016-06-19 00:00:00+00:00,0.39403993855606756,0.16040645161290323,0.15935483870967743,0.09187096774193548,0.7489354838709678
2016-06-20 00:00:00+00:00,0.3242600373482726,-0.09543725490196078,0.08634313725490196,0.14498039215686276,0.7687843137254902
2016-06-21 00:00:00+00:00,0.30577389324224763,-0.09773670886075948,0.07831645569620253,0.15001265822784812,0.7717974683544304
2016-06-22 00:00:00+00:00,0.35874999999999996,-0.06307613636363636,0.09145454545454546,0.1355909090909091,0.7731363636363636
2016-06-23 00:00:00+00:00,0.4019883040935673,0.07497017543859649,0.13866666666666666,0.10431578947368422,0.7571578947368421
2016-06-24 00:00:00+00:00,0.3026002506265664,0.12580526315789475,0.13771052631578948,0.08447368421052631,0.777921052631579
2016-06-25 00:00:00+00:00,0.3231154697346407,0.26482953367875645,0.23088341968911916,0.06819430051813472,0.7009352331606217
2016-06-26 00:00:00+00:00,0.39289722623055956,0.14493703703703703,0.14407407407407408,0.08866666666666667,0.7673333333333333
2016-06-27 00:00:00+00:00,0.34693235930735933,0.053905,0.12075,0.10345,0.7758499999999999
2016-06-28 00:00:00+00:00,0.3464993564993565,-0.06556621621621622,0.09274324324324323,0.14062162162162162,0.7667837837837839
2016-06-29 00:00:00+00:00,0.3236734693877551,0.14282142857142857,0.16023809523809524,0.081,0.7589285714285714
2016-06-30 00:00:00+00:00,0.36212244897959184,0.18071142857142855,0.17057142857142857,0.07537142857142858,0.7542285714285715
2016-07-01 00:00:00+00:00,0.33274725274725275,0.17676923076923076,0.1692820512820513,0.07607692307692308,0.7547179487179487
2016-07-02 00:00:00+00:00,0.341492673992674,0.20991923076923075,0.19476923076923078,0.06803846153846155,0.7373846153846154
2016-07-03 00:00:00+00:00,0.42804473304473306,0.21063636363636365,0.17648484848484847,0.07693939393939395,0.7466969696969696
2016-07-04 00:00:00+00:00,0.34731922398589066,0.3320666666666667,0.19848148148148148,0.038370370370370374,0.7632592592592593
2016-07-05 00:00:00+00:00,0.27062686011904763,0.189575,0.17046875,0.07175000000000001,0.757875
2016-07-06 00:00:00+00:00,0.3181517352703793,0.09076101694915253,0.15364406779661016,0.09955932203389832,0.7470508474576272
2016-07-07 00:00:00+00:00,0.33262249827467216,0.18242753623188407,0.1747536231884058,0.07730434782608696,0.7481159420289855
2016-07-08 00:00:00+00:00,0.32369963369963367,0.07455384615384615,0.1443846153846154,0.10169230769230769,0.7540769230769231
2016-07-09 00:00:00+00:00,0.20441187384044524,-0.0032728571428571416,0.12875714285714285,0.1252,0.7461857142857142
2016-07-10 00:00:00+00:00,0.30444099378881984,0.07419782608695652,0.14095652173913042,0.09784782608695652,0.7615217391304349
2016-07-11 00:00:00+00:00,0.3529481792717087,0.17153529411764706,0.16576470588235295,0.081,0.7533529411764706
2016-07-12 00:00:00+00:00,0.3422466422466422,0.08265128205128204,0.15292307692307694,0.10271794871794872,0.7446410256410256
2016-07-13 00:00:00+00:00,0.297265873015873,0.04176833333333333,0.14341666666666666,0.10745,0.7494666666666667
2016-07-14 00:00:00+00:00,0.2751378446115288,0.10964210526315787,0.15205263157894738,0.08847368421052632,0.7596315789473684
2016-07-15 00:00:00+00:00,0.3115270935960591,0.19093793103448278,0.16786206896551725,0.06341379310344827,0.7689655172413793
2016-07-16 00:00:00+00:00,0.34156547619047617,0.1238375,0.155925,0.09235,0.75205
2016-07-17 00:00:00+00:00,0.29073015873015867,0.134068,0.16378,0.09514000000000002,0.74126
2016-07-18 00:00:00+00:00,0.39035324675324673,0.219724,0.18123999999999998,0.07116,0.74772
2016-07-19 00:00:00+00:00,0.3352669552669552,0.0867378787878788,0.14863636363636365,0.09853030303030304,0.7531212121212122
2016-07-20 00:00:00+00:00,0.34945054945054943,0.01507076923076923,0.13507692307692307,0.11296923076923077,0.7522769230769232
2016-07-21 00:00:00+00:00,0.30441742654508613,0.10091276595744682,0.14585106382978721,0.09319148936170213,0.7612340425531915
2016-07-22 00:00:00+00:00,0.3303290043290043,0.27887272727272727,0.17412727272727271,0.05090909090909091,0.7750363636363636
2016-07-23 00:00:00+00:00,0.38868884540117415,0.1338082191780822,0.15346575342465751,0.08506849315068493,0.7617671232876713
2016-07-24 00:00:00+00:00,0.45283905967450266,0.2443607594936709,0.17082278481012658,0.05916455696202532,0.7701518987341772
2016-07-25 00:00:00+00:00,0.2930511463844797,0.10691754385964913,0.14412280701754385,0.08985964912280701,0.7662456140350877
2016-07-26 00:00:00+00:00,0.3806854256854257,0.29812424242424246,0.17554545454545456,0.043606060606060607,0.781
2016-07-27 00:00:00+00:00,0.20553113553113553,0.44987884615384616,0.24971153846153846,0.017211538461538462,0.7331153846153846
2016-07-28 00:00:00+00:00,0.23641821946169775,0.3534913043478261,0.18721739130434784,0.02265217391304348,0.7902173913043479
2016-07-29 00:00:00+00:00,0.36305606430606424,0.07502115384615385,0.13567307692307692,0.09917307692307692,0.7654038461538462
2016-07-30 00:00:00+00:00,0.3264249639249639,0.14089545454545455,0.15363636363636363,0.08288636363636365,0.7636818181818181
2016-07-31 00:00:00+00:00,0.3632722832722832,0.1336897435897436,0.1554102564102564,0.08541025641025642,0.7594615384615384
2016-08-01 00:00:00+00:00,0.33137709137709137,0.17146216216216217,0.16294594594594594,0.07151351351351351,0.7657297297297297
2016-08-02 00:00:00+00:00,0.3785962301587302,0.18235416666666668,0.166875,0.0746875,0.758625
2016-08-03 00:00:00+00:00,0.33455026455026454,0.20018055555555556,0.16644444444444445,0.06816666666666667,0.7654444444444445
2016-08-04 00:00:00+00:00,0.32865800865800865,0.07256363636363637,0.14347727272727273,0.10918181818181819,0.7476136363636363
2016-08-05 00:00:00+00:00,0.3687750172532781,0.11363478260869565,0.15602898550724636,0.0946231884057971,0.7496521739130435
2016-08-06 00:00:00+00:00,0.37407867494824015,0.14765434782608697,0.15730434782608696,0.08360869565217391,0.7593478260869565
2016-08-07 00:00:00+00:00,0.5190269151138717,0.2848869565217392,0.17252173913043478,0.04404347826086957,0.7834782608695652
2016-08-08 00:00:00+00:00,0.4721922077922078,0.238412,0.18584,0.05724,0.7570399999999999
2016-08-09 00:00:00+00:00,0.39029761904761906,0.16472291666666666,0.16472916666666668,0.079875,0.7556666666666666
2016-08-10 00:00:00+00:00,0.2917724867724868,0.14038611111111113,0.14420833333333336,0.06179166666666666,0.794125
2016-08-11 00:00:00+00:00,0.33362487852283773,0.12736530612244898,0.1610408163265306,0.09259183673469387,0.7465714285714286
2016-08-12 00:00:00+00:00,0.5266883116883117,0.41649545454545456,0.19790909090909092,0.011522727272727273,0.7905681818181819
2016-08-13 00:00:00+00:00,0.4328571428571429,0.39658421052631576,0.2024736842105263,0.02905263157894737,0.7685263157894737
2016-08-14 00:00:00+00:00,0.3168978354978355,0.316896,0.1814,0.03638,0.78228
2016-08-15 00:00:00+00:00,0.3288862652499016,0.11024545454545454,0.1322727272727273,0.08463636363636363,0.7830909090909092
2016-08-16 00:00:00+00:00,0.3401962481962482,0.1312711111111111,0.1506,0.0870888888888889,0.7624888888888889
2016-08-17 00:00:00+00:00,0.32041280148423007,0.20626428571428573,0.17357142857142857,0.07003571428571428,0.7565357142857143
2016-08-18 00:00:00+00:00,0.32178053830227743,0.14212608695652176,0.1544782608695652,0.07547826086956522,0.7700869565217391
2016-08-19 00:00:00+00:00,0.4304275996112731,0.1829734693877551,0.16677551020408166,0.07536734693877552,0.758061224489796
2016-08-20 00:00:00+00:00,0.41738181818181813,0.28688,0.18388000000000002,0.04632000000000001,0.76992
2016-08-21 00:00:00+00:00,0.4643939393939394,0.3618,0.19910714285714287,0.027535714285714285,0.7734642857142857
2016-08-22 00:00:00+00:00,0.3354761904761905,0.25710238095238097,0.15485714285714286,0.052238095238095236,0.7929761904761905
2016-08-23 00:00:00+00:00,0.3260704692982576,0.2363882797731569,0.21000378071833647,0.07419092627599244,0.7158638941398866
2016-08-24 00:00:00+00:00,0.3754978354978355,0.138354,0.16332000000000002,0.08734,0.7495999999999999
2016-08-25 00:00:00+00:00,0.3064182194616977,0.2571086956521739,0.16604347826086957,0.03695652173913044,0.7969999999999999
2016-08-26 00:00:00+00:00,0.1900793650793651,0.14310333333333333,0.10506666666666667,0.06566666666666666,0.8293
2016-08-27 00:00:00+00:00,0.5133333333333333,0.35000526315789476,0.19310526315789475,0.026947368421052633,0.7801052631578947
2016-08-28 00:00:00+00:00,0.3504112554112554,0.22772,0.18045,0.06670000000000001,0.753
2016-08-29 00:00:00+00:00,0.3283744588744588,0.06821,0.1429,0.10098333333333334,0.7564333333333334
2016-08-30 00:00:00+00:00,0.33969047619047615,0.1785175,0.1602,0.07835,0.7615999999999999
2016-08-31 00:00:00+00:00,0.27739682539682536,0.16441999999999998,0.17226666666666668,0.07946666666666666,0.7484000000000001
2016-09-01 00:00:00+00:00,0.4891718426501035,0.2451608695652174,0.18021739130434786,0.057173913043478256,0.7626956521739131
2016-09-02 00:00:00+00:00,0.28173442499529455,0.2669565217391304,0.1894782608695652,0.0571304347826087,0.7536086956521738
2016-09-03 00:00:00+00:00,0.21221288515406161,0.2688882352941176,0.18641176470588236,0.027823529411764705,0.7858235294117647
2016-09-04 00:00:00+00:00,0.2293563988095238,0.26169375,0.173625,0.0416875,0.7848125
2016-09-05 00:00:00+00:00,0.24752834467120183,0.3879920634920635,0.17687301587301588,0.015412698412698413,0.8077301587301587
2016-09-06 00:00:00+00:00,0.3191249799583133,0.2812203703703704,0.16819444444444442,0.04412037037037037,0.7878055555555555
2016-09-07 00:00:00+00:00,0.2446168550064654,0.33972987012987016,0.17525974025974028,0.03467532467532467,0.7901558441558442
2016-09-08 00:00:00+00:00,0.44937490670249286,0.3281103448275862,0.20413793103448274,0.045275862068965514,0.7506896551724138
2016-09-09 00:00:00+00:00,0.17961629279811098,0.2794,0.1775909090909091,0.03322727272727273,0.7891818181818183
2016-09-10 00:00:00+00:00,0.2823658949745906,0.12900652173913044,0.1567173913043478,0.08319565217391305,0.7603913043478261
2016-09-11 00:00:00+00:00,0.281559472273758,0.10390714285714285,0.15176190476190476,0.08716666666666667,0.7613809523809524
2016-09-12 00:00:00+00:00,0.3582841401023219,0.24856060606060607,0.191,0.061969696969696966,0.7471818181818182
2016-09-13 00:00:00+00:00,0.4016005291005291,0.1879861111111111,0.1601388888888889,0.07386111111111111,0.7661666666666667
2016-09-14 00:00:00+00:00,0.20909090909090908,0.46370909090909085,0.212,0.0,0.7879999999999999
2016-09-15 00:00:00+00:00,0.24800314065019946,0.23610588235294117,0.18782352941176472,0.0501764705882353,0.762
2016-09-16 00:00:00+00:00,0.28559523809523807,0.16632916666666667,0.151125,0.058541666666666665,0.790375
2016-09-17 00:00:00+00:00,0.3194372294372294,0.10339090909090909,0.14877272727272728,0.08263636363636363,0.7686363636363637
2016-09-18 00:00:00+00:00,0.2643083900226757,0.0023785714285714334,0.12030952380952381,0.1060952380952381,0.7738095238095238
2016-09-19 00:00:00+00:00,0.3186527293844367,0.0665731707317073,0.13829268292682928,0.09687804878048781,0.765
2016-09-20 00:00:00+00:00,0.3086002886002886,0.1213969696969697,0.14395454545454545,0.08471212121212121,0.7715606060606061
2016-09-21 00:00:00+00:00,0.2687043189368771,0.07929767441860465,0.13655813953488372,0.10125581395348837,0.7623720930232557
2016-09-22 00:00:00+00:00,0.27172294372294375,0.3650366666666667,0.21263333333333334,0.023183333333333334,0.7642000000000001
2016-09-23 00:00:00+00:00,0.33925361994327513,0.09787931034482758,0.14882758620689654,0.09303448275862068,0.758396551724138
2016-09-24 00:00:00+00:00,0.27727439227439227,0.05881153846153846,0.13196153846153846,0.10188461538461538,0.7663461538461539
2016-09-25 00:00:00+00:00,0.30615236615236613,0.0509948717948718,0.1331025641025641,0.09628205128205129,0.7708461538461538
2016-09-26 00:00:00+00:00,0.2937500917161934,0.026161016949152547,0.13194915254237288,0.11015254237288137,0.7581694915254237
2016-09-27 00:00:00+00:00,0.3383621933621933,0.1725030303030303,0.18015151515151517,0.07284848484848484,0.7470909090909091
2016-09-28 00:00:00+00:00,0.3116349721706864,0.0014535714285714306,0.125,0.11853571428571429,0.7567321428571429
2016-09-29 00:00:00+00:00,0.23506936245572607,0.14023409090909092,0.1465340909090909,0.08026136363636364,0.7734318181818182
2016-09-30 00:00:00+00:00,0.1990785405071119,0.22394285714285714,0.15682857142857143,0.05155714285714286,0.7917428571428571
2016-10-01 00:00:00+00:00,0.33379934879934875,0.12193076923076923,0.15082051282051281,0.08474358974358975,0.7645384615384615
2016-10-02 00:00:00+00:00,0.29303492063492065,0.028253333333333335,0.12754666666666667,0.10845333333333333,0.7641733333333334
2016-10-03 00:00:00+00:00,0.37256235827664397,0.07870714285714286,0.14297619047619048,0.09380952380952381,0.7634285714285715
2016-10-04 00:00:00+00:00,0.24348370927318294,0.263078947368421,0.15728947368421053,0.039,0.8037894736842105
2016-10-05 00:00:00+00:00,0.2922153209109731,0.07976304347826087,0.14539130434782607,0.09543478260869566,0.7594565217391305
2016-10-06 00:00:00+00:00,0.29258778258778256,0.005257777777777776,0.12337777777777777,0.10853333333333334,0.7683111111111111
2016-10-07 00:00:00+00:00,0.288474025974026,0.06726666666666667,0.12666666666666668,0.08233333333333333,0.791125
2016-10-08 00:00:00+00:00,0.3263139329805997,0.21983703703703703,0.1688888888888889,0.07111111111111111,0.7601666666666667
2016-10-09 00:00:00+00:00,0.2951766513056835,-0.008556451612903226,0.1294516129032258,0.12193548387096775,0.7488709677419355
2016-10-10 00:00:00+00:00,0.2716040100250627,0.09749736842105264,0.1381842105263158,0.08342105263157895,0.778578947368421
2016-10-11 00:00:00+00:00,0.22033395176252318,0.09775142857142857,0.14195714285714284,0.08302857142857144,0.7752428571428571
2016-10-12 00:00:00+00:00,0.3197152194211017,0.03358823529411764,0.12958823529411764,0.11054901960784314,0.7600980392156863
2016-10-13 00:00:00+00:00,0.28731538992408556,0.0034347826086956537,0.127231884057971,0.1116376811594203,0.7613913043478261
2016-10-14 00:00:00+00:00,0.2913464696223317,-0.06243793103448276,0.11165517241379311,0.12234482758620689,0.7662758620689656
2016-10-15 00:00:00+00:00,0.2983219954648526,-0.014042857142857142,0.1270952380952381,0.1196984126984127,0.7535079365079365
2016-10-16 00:00:00+00:00,0.37498257839721255,0.2404365853658537,0.1613170731707317,0.045268292682926835,0.7934878048780488
2016-10-17 00:00:00+00:00,0.1763809523809524,0.24401,0.1873,0.0386,0.77415
2016-10-18 00:00:00+00:00,0.256984126984127,0.03639333333333333,0.13044444444444445,0.08793333333333334,0.7818222222222223
2016-10-19 00:00:00+00:00,0.23627329192546584,0.06420869565217392,0.12913043478260872,0.08765217391304347,0.7833913043478261
2016-10-20 00:00:00+00:00,0.18532555879494655,0.17412448979591835,0.15714285714285714,0.07432653061224491,0.7687142857142858
2016-10-21 00:00:00+00:00,0.2891469602227178,0.22183656565656565,0.18674949494949494,0.07603636363636364,0.7372484848484848
2016-10-22 00:00:00+00:00,0.28836875245966154,0.139375,0.14152272727272727,0.07818181818181819,0.7804090909090909
2016-10-23 00:00:00+00:00,0.2894603174603174,-0.018409999999999996,0.12558333333333332,0.12193333333333335,0.7528333333333334
2016-10-24 00:00:00+00:00,0.28992481203007514,-0.03233421052631579,0.12672368421052632,0.13351315789473683,0.7400131578947369
2016-10-25 00:00:00+00:00,0.29440607372425553,0.031589393939393945,0.12907575757575757,0.10645454545454547,0.7647424242424242
2016-10-26 00:00:00+00:00,0.2925863095238095,0.06325,0.13874999999999998,0.093525,0.7679625
2016-10-27 00:00:00+00:00,0.34260629251700675,0.1579857142857143,0.15403571428571428,0.06794642857142857,0.7781428571428571
2016-10-28 00:00:00+00:00,0.29845679012345677,0.2119851851851852,0.1488888888888889,0.056962962962962965,0.7941481481481482
2016-10-29 00:00:00+00:00,0.2823047619047619,0.054434,0.13674,0.0981,0.76538
2016-10-30 00:00:00+00:00,0.3106122448979592,0.13774,0.15345714285714288,0.07937142857142858,0.7673428571428571
2016-10-31 00:00:00+00:00,0.29225357975357974,0.22579615384615387,0.159,0.045846153846153856,0.7951923076923078
2016-11-01 00:00:00+00:00,0.4293320105820106,0.013377777777777775,0.17452777777777778,0.1481388888888889,0.6775138888888889
2016-11-02 00:00:00+00:00,0.3215980596784168,0.023773214285714283,0.14566071428571428,0.11307142857142857,0.7414464285714286
2016-11-03 00:00:00+00:00,0.34412971361384054,0.14886031746031744,0.1573174603174603,0.08442857142857142,0.7583968253968254
2016-11-04 00:00:00+00:00,0.23032636532636533,0.19902297297297297,0.15672972972972973,0.06131081081081081,0.7820810810810811
2016-11-05 00:00:00+00:00,0.3693945868945869,0.18950769230769232,0.17746153846153845,0.07192307692307692,0.7506923076923078
2016-11-06 00:00:00+00:00,0.2664457671957672,0.2071675,0.16770000000000002,0.059750000000000004,0.7726
2016-11-07 00:00:00+00:00,0.37448677248677253,0.259925,0.17105,0.04385,0.78515
2016-11-08 00:00:00+00:00,0.2348596733379342,0.34724782608695653,0.18306521739130438,0.03060869565217391,0.7863260869565217
2016-11-09 00:00:00+00:00,0.2446963102608264,0.0831225806451613,0.1391935483870968,0.09291935483870968,0.7679677419354838
2016-11-10 00:00:00+00:00,0.37787072787072784,0.08248513513513514,0.1524864864864865,0.11456756756756756,0.733081081081081
2016-11-11 00:00:00+00:00,0.2726058201058201,0.09273888888888888,0.14416666666666667,0.0906388888888889,0.7653611111111112
2016-11-12 00:00:00+00:00,0.2924062049062049,0.12024583333333333,0.14735416666666667,0.08464583333333335,0.7681666666666667
2016-11-13 00:00:00+00:00,0.2798783755926613,0.20764761904761903,0.18516666666666667,0.08319047619047619,0.7317857142857143
2016-11-14 00:00:00+00:00,0.31845864661654133,0.27118157894736844,0.18094736842105263,0.05586842105263159,0.7632368421052632
2016-11-15 00:00:00+00:00,0.41855306309851764,0.22173636363636365,0.17993939393939393,0.07615151515151515,0.744030303030303
2016-11-16 00:00:00+00:00,0.275461592670895,0.2511604651162791,0.1882093023255814,0.056348837209302324,0.7554651162790698
2016-11-17 00:00:00+00:00,0.36065257437597864,0.10634255319148936,0.16642553191489362,0.10182978723404257,0.731936170212766
2016-11-18 00:00:00+00:00,0.39300988319856245,0.16301132075471697,0.17473584905660375,0.09767924528301888,0.7277169811320755
2016-11-19 00:00:00+00:00,0.3030634920634921,0.2434111111111111,0.1781777777777778,0.060599999999999994,0.7612222222222222
2016-11-20 00:00:00+00:00,0.35015731292517005,0.239325,0.18421428571428572,0.05744642857142857,0.7583928571428571
2016-11-21 00:00:00+00:00,0.32386118598382746,0.07545094339622642,0.14875471698113207,0.09811320754716982,0.7533962264150943
2016-11-22 00:00:00+00:00,0.3118181818181818,0.148375,0.16061538461538463,0.07948076923076923,0.7600576923076924
2016-11-23 00:00:00+00:00,0.28596165739022883,0.15192857142857144,0.15584415584415584,0.0752987012987013,0.7690649350649351
2016-11-24 00:00:00+00:00,0.3326269841269841,0.08882833333333333,0.15231666666666666,0.0912,0.7567333333333334
2016-11-25 00:00:00+00:00,0.2807270865335381,0.1602247311827957,0.1576021505376344,0.0744731182795699,0.7681290322580644
2016-11-26 00:00:00+00:00,0.22328267477203645,0.23170851063829787,0.1655531914893617,0.06102127659574469,0.7735744680851063
2016-11-27 00:00:00+00:00,0.34187118437118436,0.20338333333333333,0.16526923076923078,0.06343589743589743,0.7714871794871795
2016-11-28 00:00:00+00:00,0.3498716759431045,0.21454935064935068,0.15968831168831168,0.06494805194805195,0.7755064935064935
2016-11-29 00:00:00+00:00,0.3514592933947772,0.2214508064516129,0.16024999999999998,0.0535241935483871,0.7863709677419355
2016-11-30 00:00:00+00:00,0.35953587396210346,0.10641803278688525,0.14788524590163935,0.0857377049180328,0.7666229508196721
2016-12-01 00:00:00+00:00,0.24321088435374147,0.18074285714285712,0.1722857142857143,0.07020000000000001,0.7576571428571429
2016-12-02 00:00:00+00:00,0.3008611955420466,0.17081276595744682,0.16131914893617022,0.06542553191489361,0.773468085106383
2016-12-03 00:00:00+00:00,0.3716984126984127,0.2516933333333333,0.17220000000000002,0.05036666666666667,0.7775666666666667
2016-12-04 00:00:00+00:00,0.31518964537146354,0.07204727272727272,0.1585090909090909,0.10552727272727273,0.7361818181818183
2016-12-05 00:00:00+00:00,0.23397683397683397,0.06473783783783785,0.1282027027027027,0.09356756756756757,0.7783513513513514
2016-12-06 00:00:00+00:00,0.3065452847805789,0.05641568627450981,0.13611764705882354,0.09207843137254904,0.7720392156862745
2016-12-07 00:00:00+00:00,0.3302380952380952,0.06546521739130436,0.1565217391304348,0.10293478260869567,0.7407826086956522
2016-12-08 00:00:00+00:00,0.2805888030888031,0.0807918918918919,0.13318918918918918,0.08456756756756757,0.7824324324324324
2016-12-09 00:00:00+00:00,0.22376623376623378,0.2964272727272727,0.1693939393939394,0.03624242424242424,0.7944545454545454
2016-12-10 00:00:00+00:00,0.3270443349753695,0.2883379310344828,0.18220689655172412,0.03675862068965517,0.7810344827586206
2016-12-11 00:00:00+00:00,0.24618347338935576,0.11158823529411765,0.13594117647058823,0.07579411764705882,0.7884411764705882
2016-12-12 00:00:00+00:00,0.2599015873015873,0.23577066666666668,0.16921333333333335,0.05556,0.7754
2016-12-13 00:00:00+00:00,0.24515698587127158,0.401232967032967,0.1861868131868132,0.010703296703296705,0.8031208791208791
2016-12-14 00:00:00+00:00,0.2883827871907342,0.3015841059602649,0.16382119205298015,0.039741721854304635,0.7965099337748344
2016-12-15 00:00:00+00:00,0.20315343915343914,0.30367666666666665,0.15938888888888889,0.037422222222222225,0.8032777777777778
2016-12-16 00:00:00+00:00,0.09904312138078372,0.35223766233766235,0.1687922077922078,0.028623376623376627,0.8026103896103897
2016-12-17 00:00:00+00:00,0.3391406695705114,0.20109586500456067,0.21177439951352994,0.09230586804499848,0.6959151717847369
2016-12-18 00:00:00+00:00,0.34021560879459295,0.1901283567774936,0.2097752557544757,0.09075575447570333,0.6994734654731458
2016-12-19 00:00:00+00:00,0.33002261394291377,0.18034793454628675,0.20299748254949077,0.09088236640347866,0.7061220963496968
2016-12-20 00:00:00+00:00,0.3372314507198228,0.11815116279069766,0.17246511627906977,0.0874186046511628,0.7403953488372093
2016-12-21 00:00:00+00:00,0.2786357786357786,0.14616621621621623,0.17143243243243242,0.08156756756756757,0.7471756756756757
2016-12-22 00:00:00+00:00,0.3119336219336219,0.03788939393939394,0.1384848484848485,0.10665151515151516,0.7551363636363636
2016-12-23 00:00:00+00:00,0.3202709573412698,0.10929375,0.152421875,0.0835625,0.764234375
2016-12-24 00:00:00+00:00,0.30392857142857144,0.05555151515151516,0.1407121212121212,0.09934848484848485,0.7601818181818182
2016-12-25 00:00:00+00:00,0.2910871518418688,0.01759245283018868,0.14437735849056604,0.11932075471698113,0.7366415094339623
2016-12-26 00:00:00+00:00,0.31059040250529607,0.08916382978723406,0.15923404255319148,0.09210638297872342,0.7489148936170212
2016-12-27 00:00:00+00:00,0.2799487643158529,0.10809493670886076,0.16025316455696204,0.09631645569620254,0.7436582278481013
2016-12-28 00:00:00+00:00,0.2941884891065219,0.05956229508196722,0.13798360655737704,0.10213114754098361,0.7601475409836066
2016-12-29 00:00:00+00:00,0.42981679035250464,0.2470107142857143,0.20430357142857145,0.06644642857142857,0.729375
2016-12-30 00:00:00+00:00,0.3345674044265593,0.07960704225352112,0.14461971830985917,0.09577464788732395,0.7598591549295775
2016-12-31 00:00:00+00:00,0.3150921459492888,0.05924857142857142,0.13985714285714285,0.0962857142857143,0.7641142857142857
2017-01-01 00:00:00+00:00,0.3597048175995544,0.2138298245614035,0.1975438596491228,0.076,0.7265263157894737
2017-01-02 00:00:00+00:00,0.324301012773235,0.12591388888888888,0.17340277777777777,0.09322222222222223,0.7335277777777778
2017-01-03 00:00:00+00:00,0.3190275409214803,0.058972727272727274,0.14743939393939393,0.10428787878787879,0.748439393939394
2017-01-04 00:00:00+00:00,0.31449773027898026,0.1413359375,0.1591875,0.0839375,0.757015625
2017-01-05 00:00:00+00:00,0.28819632704878606,0.0837311475409836,0.14321311475409837,0.09004918032786886,0.7668196721311475
2017-01-06 00:00:00+00:00,0.2888897239591684,0.09616527777777778,0.15023611111111113,0.08941666666666667,0.7605277777777778
2017-01-07 00:00:00+00:00,0.2882943624780359,0.1382122448979592,0.2000204081632653,0.08559183673469388,0.714530612244898
2017-01-08 00:00:00+00:00,0.3299408369408369,0.24328333333333335,0.20323333333333335,0.049133333333333334,0.7477
2017-01-09 00:00:00+00:00,0.29230489417989414,0.04190138888888889,0.1445138888888889,0.10545833333333333,0.7503055555555556
2017-01-10 00:00:00+00:00,0.2886322011322011,0.20487692307692307,0.17996153846153848,0.05500000000000001,0.7650769230769231
2017-01-11 00:00:00+00:00,0.3443944099378882,0.029517391304347832,0.14358695652173914,0.10621739130434783,0.7504782608695652
2017-01-12 00:00:00+00:00,0.35913632119514466,0.12701960784313726,0.14901960784313725,0.07550980392156863,0.7756666666666666
2017-01-13 00:00:00+00:00,0.2828707240471946,0.0996764705882353,0.1527058823529412,0.09127450980392157,0.7561960784313726
2017-01-14 00:00:00+00:00,0.30384238488783943,0.09726363636363636,0.1542909090909091,0.09916363636363637,0.7467272727272727
2017-01-15 00:00:00+00:00,0.3586129426129426,0.03739230769230769,0.14026153846153847,0.11243076923076924,0.7475846153846154
2017-01-16 00:00:00+00:00,0.30826545530492894,0.027965789473684215,0.14702631578947367,0.11815789473684211,0.7351184210526316
2017-01-17 00:00:00+00:00,0.30349845392702535,0.07154714285714286,0.14504285714285714,0.09784285714285715,0.7573857142857143
2017-01-18 00:00:00+00:00,0.31324441324441327,0.21624864864864868,0.16394594594594594,0.04872972972972973,0.7873783783783783
2017-01-19 00:00:00+00:00,0.3366103896103896,0.11074444444444445,0.15528888888888887,0.08217777777777778,0.7627777777777779
2017-01-20 00:00:00+00:00,0.32632234432234425,0.020530769230769234,0.13892307692307693,0.1149846153846154,0.7463538461538461
2017-01-21 00:00:00+00:00,0.299412915851272,0.009087671232876711,0.12983561643835617,0.10513698630136988,0.7653013698630137
2017-01-22 00:00:00+00:00,0.21776314162028448,0.17354,0.1674,0.05105714285714286,0.7817142857142857
2017-01-23 00:00:00+00:00,0.2681219336219336,0.17268666666666668,0.164,0.06323333333333334,0.7729
2017-01-24 00:00:00+00:00,0.2883673469387755,0.23838571428571428,0.19082142857142856,0.06317857142857143,0.746107142857143
2017-01-25 00:00:00+00:00,0.23505371172037837,0.2227611111111111,0.15707407407407406,0.0592037037037037,0.7837962962962963
2017-01-26 00:00:00+00:00,0.317775974025974,0.12034375,0.15740625,0.08384375000000001,0.75878125
2017-01-27 00:00:00+00:00,0.3166336295283664,0.15168421052631578,0.15621052631578947,0.06831578947368422,0.7755263157894736
2017-01-28 00:00:00+00:00,0.18892857142857142,0.11255416666666666,0.15129166666666666,0.07325,0.7755000000000001
2017-01-29 00:00:00+00:00,0.2847162837162837,0.3996046153846154,0.22724615384615385,0.038276923076923076,0.7345692307692308
2017-01-30 00:00:00+00:00,0.3126610644257703,0.058069117647058834,0.14585294117647057,0.1051029411764706,0.7492941176470588
2017-01-31 00:00:00+00:00,0.305970630676513,0.1076372549019608,0.1463529411764706,0.08198039215686274,0.7718823529411765
2017-02-01 00:00:00+00:00,0.2745073180787466,0.12006190476190477,0.1466904761904762,0.07576190476190477,0.7776666666666666
2017-02-02 00:00:00+00:00,0.29194708994708995,0.09369333333333332,0.1565111111111111,0.0890888888888889,0.7546222222222222
2017-02-03 00:00:00+00:00,0.306807040276428,0.07779183673469388,0.15053061224489797,0.09428571428571429,0.7552448979591836
2017-02-04 00:00:00+00:00,0.35368029501362835,0.07840166666666668,0.15131666666666668,0.09546666666666667,0.7534666666666666
2017-02-05 00:00:00+00:00,0.2657835497835498,0.10358545454545455,0.14929090909090909,0.08561818181818183,0.7652363636363636
2017-02-06 00:00:00+00:00,0.25551484230055654,0.07398214285714286,0.14205357142857142,0.08578571428571428,0.7724107142857143
2017-02-07 00:00:00+00:00,0.20488095238095239,0.15935932203389833,0.16023728813559324,0.07271186440677967,0.7672033898305085
2017-02-08 00:00:00+00:00,0.27171142225829725,-7.500000000000215e-05,0.134515625,0.11173437500000001,0.75403125
2017-02-09 00:00:00+00:00,0.3279640561458743,0.06481999999999999,0.14950909090909092,0.09438181818181818,0.7563272727272727
2017-02-10 00:00:00+00:00,0.2639918745275888,0.07786607142857142,0.1528392857142857,0.097375,0.7499821428571429
2017-02-11 00:00:00+00:00,0.3102941284538507,0.027352777777777778,0.140875,0.11170833333333335,0.7476666666666667
2017-02-12 00:00:00+00:00,0.30133619298002856,-0.011297260273972605,0.12957534246575342,0.11328767123287671,0.7573561643835617
2017-02-13 00:00:00+00:00,0.38662519707658594,0.09048055555555554,0.13555555555555554,0.08738888888888889,0.7770277777777778
2017-02-14 00:00:00+00:00,0.3016066341066341,0.014586538461538456,0.13759615384615384,0.11028846153846154,0.7524230769230769
2017-02-15 00:00:00+00:00,0.296919731817691,0.10425714285714285,0.15024489795918367,0.0876326530612245,0.7623877551020408
2017-02-16 00:00:00+00:00,0.34635266091832434,0.25270623041696794,0.21945046999276935,0.06691540130151843,0.7136366594360086
2017-02-17 00:00:00+00:00,0.32190489409742146,0.26404460750380726,0.22381628132354978,0.06368448013290877,0.7125072684480133
2017-02-18 00:00:00+00:00,0.31880238095238095,0.08638799999999999,0.1512,0.08826,0.76078
2017-02-19 00:00:00+00:00,0.2928244113609967,0.1498609756097561,0.16429268292682928,0.0885609756097561,0.7473658536585366
2017-02-20 00:00:00+00:00,0.19642857142857142,0.21434473684210525,0.1668421052631579,0.07981578947368421,0.7533947368421052
2017-02-21 00:00:00+00:00,0.34107559107559104,0.04063205128205129,0.13273076923076924,0.09552564102564103,0.771948717948718
2017-02-22 00:00:00+00:00,0.3023901098901099,0.07277435897435898,0.1438076923076923,0.08923076923076922,0.7671410256410257
2017-02-23 00:00:00+00:00,0.31183492063492063,0.101292,0.15031999999999998,0.08609333333333334,0.7637999999999999
2017-02-24 00:00:00+00:00,0.2643016167505963,0.12988979591836736,0.16658163265306122,0.0895204081632653,0.7441836734693879
2017-02-25 00:00:00+00:00,0.3408225108225108,0.11741363636363636,0.14824242424242423,0.095,0.757
2017-02-26 00:00:00+00:00,0.35698667998668,0.03363384615384615,0.13983076923076923,0.11376923076923078,0.7466307692307692
2017-02-27 00:00:00+00:00,0.3429792207792207,0.195716,0.17004000000000002,0.063,0.76708
2017-02-28 00:00:00+00:00,0.35963663419913416,0.350946875,0.20154999999999998,0.03451875,0.76399375
2017-03-01 00:00:00+00:00,0.3483114210891988,0.1361283950617284,0.15866666666666668,0.09971604938271605,0.7418024691358025
2017-03-02 00:00:00+00:00,0.3300190878038979,0.08995569620253165,0.15472151898734177,0.09213924050632911,0.7533670886075949
2017-03-03 00:00:00+00:00,0.2895502645502645,0.05585972222222223,0.14631944444444445,0.10313888888888889,0.7508055555555555
2017-03-04 00:00:00+00:00,0.24060761222051544,0.015562365591397849,0.098247311827957,0.10821505376344086,0.793752688172043
2017-03-05 00:00:00+00:00,0.35770733012306044,0.12954494382022472,0.16075280898876404,0.10089887640449438,0.7385842696629212
2017-03-06 00:00:00+00:00,0.32117742987606,0.11203698630136988,0.15415068493150685,0.0845068493150685,0.7615205479452055
2017-03-07 00:00:00+00:00,0.2789678742310321,0.16619342105263157,0.1634342105263158,0.06957894736842106,0.7671447368421053
2017-03-08 00:00:00+00:00,0.24990841595680302,0.19386989247311828,0.16991397849462364,0.09187096774193548,0.7383655913978495
2017-03-09 00:00:00+00:00,0.3108141178549342,0.10936938775510203,0.15846938775510203,0.08640816326530612,0.7553469387755102
2017-03-10 00:00:00+00:00,0.3666595945308816,0.11127029702970298,0.14814851485148514,0.1031881188118812,0.7488415841584158
2017-03-11 00:00:00+00:00,0.3115367359064838,0.186327731092437,0.16241176470588237,0.07509243697478991,0.7626302521008403
2017-03-12 00:00:00+00:00,0.34704414838035524,0.3482427586206897,0.18502758620689655,0.03482758620689655,0.7802
2017-03-13 00:00:00+00:00,0.23516788766788765,0.02738717948717949,0.09767948717948717,0.10287179487179489,0.7995897435897437
2017-03-14 00:00:00+00:00,0.3985865800865801,0.1725625,0.173875,0.094525,0.7318374999999999
2017-03-15 00:00:00+00:00,0.26370783730158726,0.013709375000000003,0.10748958333333332,0.11305208333333333,0.7797291666666667
2017-03-16 00:00:00+00:00,0.41546136511889936,0.17463287671232877,0.16301369863013698,0.09161643835616438,0.7455890410958904
2017-03-17 00:00:00+00:00,0.43667887667887667,0.07747820512820514,0.11092307692307692,0.09425641025641027,0.7949358974358974
2017-03-18 00:00:00+00:00,0.40255314625850336,0.20215892857142856,0.17780357142857145,0.10114285714285713,0.7211428571428572
2017-03-19 00:00:00+00:00,0.21728976697061803,0.07065319148936171,0.09293617021276597,0.09248936170212767,0.8146595744680851
2017-03-20 00:00:00+00:00,0.2878803141303141,0.09963846153846154,0.12523076923076923,0.10247435897435898,0.7724487179487179
2017-03-21 00:00:00+00:00,0.25683878370625357,0.09588795180722892,0.13212048192771084,0.10367469879518072,0.7643855421686747
2017-03-22 00:00:00+00:00,0.18170493197278909,-0.03732857142857143,0.07464285714285714,0.12396428571428572,0.8015178571428571
2017-03-23 00:00:00+00:00,0.320351966873706,0.03757101449275362,0.12933333333333333,0.11252173913043478,0.7583623188405797
2017-03-24 00:00:00+00:00,0.2890719855193539,0.07673815789473686,0.12530263157894736,0.09232894736842105,0.7825263157894737
2017-03-25 00:00:00+00:00,0.3157585825027685,0.14902558139534883,0.13951162790697674,0.08032558139534884,0.7803023255813953
2017-03-26 00:00:00+00:00,0.2820952613694549,0.11745,0.15704838709677418,0.09377419354838709,0.7493387096774194
2017-03-27 00:00:00+00:00,0.3291279403327596,0.08958072289156627,0.12948192771084338,0.09262650602409639,0.7780843373493976
2017-03-28 00:00:00+00:00,0.3523959713755632,0.11243877551020408,0.14426530612244898,0.07861224489795919,0.7772653061224489
2017-03-29 00:00:00+00:00,0.40336617405582925,0.2679586206896552,0.22013793103448276,0.04813793103448276,0.7317586206896551
2017-03-30 00:00:00+00:00,0.29607769423558894,0.17750789473684211,0.1656842105263158,0.06452631578947368,0.7698684210526315
2017-03-31 00:00:00+00:00,0.2991690009337068,0.050488235294117646,0.13819607843137255,0.09719607843137254,0.7649019607843137
2017-04-01 00:00:00+00:00,0.3520461309523809,0.016142187500000002,0.14028125,0.11787500000000001,0.742140625
2017-04-02 00:00:00+00:00,0.32785238095238095,0.05382600000000001,0.15082,0.1118,0.7376600000000001
2017-04-03 00:00:00+00:00,0.3247819464486131,0.07165555555555556,0.1443333333333333,0.09653703703703703,0.7593518518518519
2017-04-04 00:00:00+00:00,0.30620436167605974,0.04588490566037737,0.1288679245283019,0.0980377358490566,0.773320754716981
2017-04-05 00:00:00+00:00,0.28122331691297203,0.0031706896551724163,0.13306896551724137,0.11706896551724139,0.7501034482758621
2017-04-06 00:00:00+00:00,0.30660714285714286,0.235085,0.174,0.058075,0.7681
2017-04-07 00:00:00+00:00,0.36025345622119814,0.08002903225806451,0.14312903225806453,0.09682258064516129,0.7602903225806451
2017-04-08 00:00:00+00:00,0.28407936507936504,0.1557725,0.1702,0.075975,0.75395
2017-04-09 00:00:00+00:00,0.33918985776128635,0.3254324675324675,0.17672727272727273,0.031896103896103895,0.7914155844155845
2017-04-10 00:00:00+00:00,0.3418194444444444,0.3744377777777778,0.18201666666666666,0.0186,0.7994166666666668
2017-04-11 00:00:00+00:00,0.33638826690550827,0.2635971264367816,0.1673390804597701,0.04814942528735632,0.7846264367816093
2017-04-12 00:00:00+00:00,0.33890547263681586,0.020361194029850746,0.13374626865671643,0.11295522388059702,0.7535970149253731
2017-04-13 00:00:00+00:00,0.2850036562536562,0.02248243243243243,0.13613513513513514,0.10966216216216217,0.7544864864864865
2017-04-14 00:00:00+00:00,0.3117296918767507,0.018255882352941184,0.12914705882352942,0.10825000000000001,0.7629264705882353
2017-04-15 00:00:00+00:00,0.3103438699665114,0.06278301886792453,0.14671698113207546,0.10332075471698113,0.7502452830188678
2017-04-16 00:00:00+00:00,0.3502508854781582,0.06953030303030304,0.14409090909090908,0.10107575757575758,0.7551666666666667
2017-04-17 00:00:00+00:00,0.3642528705862039,0.22166957264957265,0.20879999999999999,0.08321538461538461,0.7080051282051282
2017-04-18 00:00:00+00:00,0.31531244118200635,0.06685797101449276,0.14395652173913043,0.09930434782608696,0.7570289855072464
2017-04-19 00:00:00+00:00,0.31336825396825396,0.067168,0.13866666666666666,0.10092000000000001,0.7606533333333333
2017-04-20 00:00:00+00:00,0.3614773489421377,0.10153098591549296,0.14128169014084507,0.08409859154929578,0.7748732394366197
2017-04-21 00:00:00+00:00,0.2975146422205246,0.23148235294117647,0.1701764705882353,0.04702941176470588,0.7828823529411765
2017-04-22 00:00:00+00:00,0.32875381449151936,0.02014098360655738,0.1382950819672131,0.11332786885245902,0.748688524590164
2017-04-23 00:00:00+00:00,0.35815647766867276,0.10694634146341464,0.14982926829268292,0.09326829268292684,0.7571463414634146
2017-04-24 00:00:00+00:00,0.3334098639455782,0.03871607142857143,0.13582142857142857,0.10723214285714286,0.75725
2017-04-25 00:00:00+00:00,0.3048288004266265,0.12992753623188405,0.14008695652173914,0.07608695652173914,0.7840144927536232
2017-04-26 00:00:00+00:00,0.30041847041847036,0.0972409090909091,0.14037878787878788,0.08334848484848485,0.7765000000000001
2017-04-27 00:00:00+00:00,0.24555675805675806,0.16652525252525252,0.15744444444444444,0.07946464646464646,0.7632828282828282
2017-04-28 00:00:00+00:00,0.37003240638833856,0.14078813559322034,0.1534237288135593,0.08494915254237288,0.7618474576271186
2017-04-29 00:00:00+00:00,0.3235044642857143,0.04355468750000001,0.13484375,0.109703125,0.7556875
2017-04-30 00:00:00+00:00,0.36463591135232926,0.18029402985074627,0.15898507462686567,0.06844776119402986,0.7727014925373135
2017-05-01 00:00:00+00:00,0.3272290227502993,0.19373404255319152,0.16508510638297874,0.07264893617021277,0.7624574468085107
2017-05-02 00:00:00+00:00,0.33064574314574313,0.10716212121212121,0.15371212121212122,0.08912121212121213,0.7573787878787879
2017-05-03 00:00:00+00:00,0.31945767195767194,0.11435416666666669,0.15105555555555555,0.09084722222222223,0.7583194444444444
2017-05-04 00:00:00+00:00,0.3749547619047619,0.205745,0.16662,0.06295,0.77054
2017-05-05 00:00:00+00:00,0.3252680776014109,0.11720888888888889,0.13942222222222223,0.07511111111111111,0.7856
2017-05-06 00:00:00+00:00,0.30871366728509586,0.08335844155844156,0.14323376623376624,0.09531168831168832,0.7617142857142857
2017-05-07 00:00:00+00:00,0.31484277296777297,0.07932083333333334,0.15041666666666667,0.09562500000000002,0.7541805555555556
2017-05-08 00:00:00+00:00,0.35116030658838876,0.20353835616438357,0.15847945205479452,0.05595890410958904,0.7857260273972603
2017-05-09 00:00:00+00:00,0.3676758457591791,0.19124777777777777,0.1592222222222222,0.061233333333333334,0.7797111111111111
2017-05-10 00:00:00+00:00,0.289664101330768,0.05889090909090909,0.13845454545454544,0.09509090909090909,0.7666060606060605
2017-05-11 00:00:00+00:00,0.3656946803196803,0.21488846153846156,0.16121538461538462,0.06019230769230769,0.778776923076923
2017-05-12 00:00:00+00:00,0.31888150002607835,0.10267469879518072,0.15271084337349397,0.09825301204819278,0.7492530120481928
2017-05-13 00:00:00+00:00,0.3193472906403941,0.23628275862068965,0.1636551724137931,0.06091954022988506,0.7755172413793103
2017-05-14 00:00:00+00:00,0.30329240456513185,0.20737181818181818,0.15414545454545453,0.06270909090909091,0.7832727272727272
2017-05-15 00:00:00+00:00,0.2882786357786358,0.10403783783783785,0.1496756756756757,0.0932027027027027,0.7573243243243244
2017-05-16 00:00:00+00:00,0.37266329386811314,0.16246265060240964,0.157144578313253,0.0816144578313253,0.761421686746988
2017-05-17 00:00:00+00:00,0.3449097569097569,0.18923846153846152,0.15195384615384616,0.057753846153846156,0.7904769230769231
2017-05-18 00:00:00+00:00,0.37673971126912303,0.21803176470588237,0.15701176470588235,0.05778823529411765,0.7852941176470588
2017-05-19 00:00:00+00:00,0.4118864060775826,0.15853529411764705,0.15933823529411767,0.07692647058823529,0.7638823529411765
2017-05-20 00:00:00+00:00,0.33171397331191144,0.1790536082474227,0.15719587628865977,0.0708659793814433,0.7721237113402062
2017-05-21 00:00:00+00:00,0.3898780487804878,0.2689670731707317,0.18371951219512195,0.05103658536585366,0.765390243902439
2017-05-22 00:00:00+00:00,0.3465847370694309,0.2251683673469388,0.1737142857142857,0.06271428571428571,0.7637040816326531
2017-05-23 00:00:00+00:00,0.28578550712214074,0.17455544554455443,0.1623960396039604,0.07519801980198021,0.7626039603960396
2017-05-24 00:00:00+00:00,0.3365831090831091,0.21592882882882883,0.16623423423423425,0.07865765765765766,0.7552162162162162
2017-05-25 00:00:00+00:00,0.29729789590254707,0.135653488372093,0.14904651162790697,0.08267441860465116,0.7684302325581395
2017-05-26 00:00:00+00:00,0.3203011925181736,0.15242830188679243,0.15817924528301885,0.07798113207547169,0.7640094339622642
2017-05-27 00:00:00+00:00,0.3646187939045082,0.14707032967032968,0.14863736263736263,0.07887912087912088,0.7726813186813187
2017-05-28 00:00:00+00:00,0.3662395382395382,0.15062333333333333,0.14621111111111113,0.07602222222222223,0.7778999999999999
2017-05-29 00:00:00+00:00,0.3718366883116883,0.17374100000000003,0.15705,0.0736,0.76956
2017-05-30 00:00:00+00:00,0.33960864805692387,0.14282298850574715,0.1537126436781609,0.0795977011494253,0.7668850574712643
2017-05-31 00:00:00+00:00,0.35736464448793215,0.17256575342465755,0.15106849315068493,0.06416438356164383,0.7848904109589041
2017-06-01 00:00:00+00:00,0.3678357753357754,0.26644615384615383,0.19503846153846152,0.05642307692307692,0.7485769230769231
2017-06-02 00:00:00+00:00,0.4104704184704185,0.2512783333333333,0.1725,0.05093333333333334,0.7767000000000001
2017-06-03 00:00:00+00:00,0.3373560767590618,0.1411731343283582,0.15308955223880596,0.0808358208955224,0.766223880597015
2017-06-04 00:00:00+00:00,0.3346645021645021,0.162164,0.15264,0.07094,0.77658
2017-06-05 00:00:00+00:00,0.3300548552754435,0.06928235294117646,0.15025,0.09788235294117648,0.7521470588235294
2017-06-06 00:00:00+00:00,0.2788115751351045,0.12549019607843137,0.14562745098039218,0.07190196078431373,0.7826078431372548
2017-06-07 00:00:00+00:00,0.3059978598180845,0.2615747191011236,0.15629775280898878,0.03772471910112359,0.8060337078651685
2017-06-08 00:00:00+00:00,0.27799027137736815,0.19425322580645163,0.16179032258064516,0.05420967741935484,0.7841612903225806
2017-06-09 00:00:00+00:00,0.28823625869080416,0.07625303030303031,0.1439848484848485,0.09248484848484849,0.7637575757575757
2017-06-10 00:00:00+00:00,0.32257012393998696,0.04165753424657534,0.12067123287671232,0.09020547945205479,0.7893287671232877
2017-06-11 00:00:00+00:00,0.369342341160523,0.12232525252525253,0.14929292929292928,0.09494949494949495,0.755929292929293
2017-06-12 00:00:00+00:00,0.344065734989648,0.0703358695652174,0.1440108695652174,0.09296739130434784,0.7632065217391305
2017-06-13 00:00:00+00:00,0.30626469723691946,0.10198148148148149,0.1376851851851852,0.07705555555555556,0.7854259259259259
2017-06-14 00:00:00+00:00,0.37342119300723337,0.12582888498683054,0.18009438103599648,0.10695390693590869,0.7129438103599649
2017-06-15 00:00:00+00:00,0.3762612187976646,0.1702636702877519,0.1930863255659673,0.09813052491914752,0.7087855543577412
2017-06-16 00:00:00+00:00,0.363794460899724,0.12658596491228072,0.16917543859649123,0.09193859649122807,0.7390701754385965
2017-06-17 00:00:00+00:00,0.4290824282929546,0.31625438596491223,0.2100701754385965,0.06144736842105263,0.7285701754385965
2017-06-18 00:00:00+00:00,0.34269841269841267,-0.02809625,0.1034375,0.1092125,0.7875625
2017-06-19 00:00:00+00:00,0.4266960420531849,0.15133690476190478,0.12735714285714286,0.06985714285714287,0.8029166666666666
2017-06-20 00:00:00+00:00,0.30268414666141935,-0.020606818181818178,0.10395454545454545,0.10817045454545454,0.7880681818181817
2017-06-21 00:00:00+00:00,0.3549946248196248,0.06602200000000001,0.1316,0.0974,0.77119
2017-06-22 00:00:00+00:00,0.27128541652351174,0.03753015873015873,0.1279047619047619,0.09734920634920635,0.774952380952381
2017-06-23 00:00:00+00:00,0.36257590187590183,-0.14361279999999998,0.075312,0.130672,0.79416
2017-06-24 00:00:00+00:00,0.31802592797273643,-0.13724148936170213,0.07782978723404255,0.12711702127659574,0.7952127659574468
2017-06-25 00:00:00+00:00,0.3638201058201058,-0.046076000000000006,0.1056,0.11600000000000002,0.7785066666666667
2017-06-26 00:00:00+00:00,0.3819047619047619,-0.0504125,0.11082954545454546,0.12525,0.764090909090909
2017-06-27 00:00:00+00:00,0.3143973214285714,0.039080000000000004,0.1330125,0.103325,0.7638499999999999
2017-06-28 00:00:00+00:00,0.3411609355005581,0.16129685534591195,0.14335220125786163,0.06622012578616353,0.790559748427673
2017-06-29 00:00:00+00:00,0.32713435056027645,0.019563888888888895,0.11703703703703704,0.0970462962962963,0.7860185185185186
2017-06-30 00:00:00+00:00,0.27411753246753245,0.006016000000000004,0.12048,0.0965,0.7831199999999999
2017-07-01 00:00:00+00:00,0.33040509625875475,0.0049768292682926835,0.13791463414634145,0.12168292682926829,0.740609756097561
2017-07-02 00:00:00+00:00,0.2782384282384282,-0.07240769230769231,0.09186153846153847,0.10330769230769231,0.8049384615384615
2017-07-03 00:00:00+00:00,0.4125390297533154,0.19376380952380953,0.1368952380952381,0.06755238095238095,0.7956380952380953
2017-07-04 00:00:00+00:00,0.2286729041567751,0.1348258064516129,0.14670967741935484,0.07932258064516129,0.7740483870967741
2017-07-05 00:00:00+00:00,0.2761084207694377,-0.03449152542372881,0.10423728813559323,0.10891525423728814,0.7869661016949152
2017-07-06 00:00:00+00:00,0.317281746031746,0.0892546511627907,0.14525581395348836,0.0941279069767442,0.7608023255813954
2017-07-07 00:00:00+00:00,0.27485525448488407,-0.0029790123456790133,0.11876543209876542,0.10760493827160496,0.7739012345679013
2017-07-08 00:00:00+00:00,0.2784007936507936,-0.023608749999999998,0.113825,0.11585000000000001,0.7705625
2017-07-09 00:00:00+00:00,0.26622151433472185,0.009335849056603776,0.1129245283018868,0.10128301886792454,0.7859622641509434
2017-07-10 00:00:00+00:00,0.2854736709498614,0.05162857142857143,0.13023809523809524,0.10353968253968253,0.7663174603174603
2017-07-11 00:00:00+00:00,0.3102376547870734,-0.03450348837209302,0.09615116279069767,0.10903488372093025,0.7949418604651162
2017-07-12 00:00:00+00:00,0.30638553603259483,-0.05374470588235294,0.09307058823529411,0.11028235294117647,0.7967529411764707
2017-07-13 00:00:00+00:00,0.4311989538239538,0.24433000000000002,0.1426,0.054275000000000004,0.8031750000000001
2017-07-14 00:00:00+00:00,0.29262677798392084,0.06681785714285715,0.12725,0.09003571428571429,0.7828095238095238
2017-07-15 00:00:00+00:00,0.2952255357810913,-0.020083333333333328,0.11679166666666668,0.11919444444444445,0.7642638888888889
2017-07-16 00:00:00+00:00,0.28201724475798545,-0.01137530864197531,0.11907407407407407,0.11362962962962964,0.7674691358024691
2017-07-17 00:00:00+00:00,0.31737133237133236,0.0030616161616161663,0.1225959595959596,0.11239393939393941,0.7651616161616163
2017-07-18 00:00:00+00:00,0.28708255333255334,0.021175675675675677,0.11956756756756758,0.10414864864864865,0.776445945945946
2017-07-19 00:00:00+00:00,0.30777012637899737,0.05327580645161291,0.14125806451612902,0.10706451612903226,0.7518709677419355
2017-07-20 00:00:00+00:00,0.35004674069891456,0.005863478260869568,0.11950434782608696,0.10983478260869566,0.7708347826086956
2017-07-21 00:00:00+00:00,0.36163397366522365,-0.02958541666666666,0.10198958333333334,0.10902083333333334,0.7891666666666667
2017-07-22 00:00:00+00:00,0.32175444925444924,0.026927083333333338,0.12864583333333332,0.10772916666666667,0.7638020833333333
2017-07-23 00:00:00+00:00,0.30593425544645053,-0.050274390243902435,0.10359756097560975,0.11926829268292684,0.777390243902439
2017-07-24 00:00:00+00:00,0.3436158381848037,0.04285862068965517,0.12194827586206897,0.09565517241379311,0.782603448275862
2017-07-25 00:00:00+00:00,0.3296492233256939,0.17671176470588237,0.14592156862745098,0.06854901960784314,0.7856535947712419
2017-07-26 00:00:00+00:00,0.31415386201100487,0.2466945054945055,0.153489010989011,0.04808791208791209,0.7984945054945055
2017-07-27 00:00:00+00:00,0.31056451965542875,0.040607575757575766,0.11903535353535354,0.08991919191919191,0.7911363636363636
2017-07-28 00:00:00+00:00,0.24484578706317836,-0.09377826086956521,0.10188695652173914,0.12990434782608695,0.768304347826087
2017-07-29 00:00:00+00:00,0.22855699855699854,-0.14647603305785126,0.08424793388429752,0.13828099173553718,0.7775867768595041
2017-07-30 00:00:00+00:00,0.2122574955908289,-0.12907000000000002,0.07756666666666666,0.12682222222222223,0.7956666666666666
2017-07-31 00:00:00+00:00,0.2518999422799423,-0.051081600000000005,0.11004000000000001,0.11703999999999999,0.772928
2017-08-01 00:00:00+00:00,0.26133005222290934,-0.10279732142857143,0.0894732142857143,0.1278125,0.7828303571428572
2017-08-02 00:00:00+00:00,0.2614910226385636,-0.03430573770491803,0.10962295081967213,0.11717213114754098,0.7733278688524591
2017-08-03 00:00:00+00:00,0.23235119047619046,-0.12038947368421052,0.08766666666666667,0.1291578947368421,0.7833245614035088
2017-08-04 00:00:00+00:00,0.23573150503562873,-0.026357731958762887,0.11628865979381442,0.12001030927835052,0.7637731958762887
2017-08-05 00:00:00+00:00,0.2676410426223859,-0.042517910447761195,0.11026119402985075,0.11921641791044776,0.7706194029850747
2017-08-06 00:00:00+00:00,0.2648365898365898,-0.04223603603603604,0.10105405405405406,0.11432432432432432,0.7846846846846847
2017-08-07 00:00:00+00:00,0.2951205808080808,0.088085625,0.12921875,0.08579375,0.78506875
2017-08-08 00:00:00+00:00,0.30610928613869787,0.10722823529411765,0.1575235294117647,0.11247058823529413,0.7300823529411765
2017-08-09 00:00:00+00:00,0.39409661954685654,0.2984909952606635,0.18729383886255924,0.05853080568720379,0.7542369668246446
2017-08-10 00:00:00+00:00,0.38368486451819783,0.2581201058201058,0.18170899470899474,0.0737989417989418,0.7445820105820106
2017-08-11 00:00:00+00:00,0.29586588476123354,0.15173081395348836,0.16533720930232557,0.09053488372093024,0.7442732558139535
2017-08-12 00:00:00+00:00,0.25088869292572996,0.10820493827160495,0.1536625514403292,0.07382716049382716,0.7726213991769548
2017-08-13 00:00:00+00:00,0.357672734770802,0.2244454320566408,0.20991179732150472,0.07919380704597799,0.710904631920157
2017-08-14 00:00:00+00:00,0.2869630543068043,0.19699038461538462,0.18353846153846154,0.06214903846153846,0.7544086538461539
2017-08-15 00:00:00+00:00,0.34715758164737753,0.24026666666666668,0.19885714285714284,0.07208163265306122,0.7292108843537415
2017-08-16 00:00:00+00:00,0.3311157296348379,0.19785031847133758,0.19278343949044585,0.07814012738853504,0.7291847133757962
2017-08-17 00:00:00+00:00,0.3271511147811726,0.16219190751445087,0.17084393063583814,0.0799306358381503,0.7493468208092485
2017-08-18 00:00:00+00:00,0.3298190318053332,0.16440479452054793,0.18664383561643835,0.08168493150684931,0.7318082191780821
2017-08-19 00:00:00+00:00,0.33286555325016864,0.17032958579881657,0.16344970414201185,0.07120710059171598,0.7654378698224853
2017-08-20 00:00:00+00:00,0.3759540497295599,0.21198707482993198,0.1890952380952381,0.06905442176870748,0.7419727891156463
2017-08-21 00:00:00+00:00,0.33819356762065095,0.26893472222222226,0.19590972222222222,0.05636805555555556,0.7477708333333334
2017-08-22 00:00:00+00:00,0.32838349684503526,0.2097526627218935,0.18331952662721893,0.07171005917159763,0.7451065088757397
2017-08-23 00:00:00+00:00,0.39631807944307945,0.2952644144144145,0.18693243243243243,0.04030630630630631,0.7727882882882883
2017-08-24 00:00:00+00:00,0.39799391429826214,0.2999902173913043,0.1990108695652174,0.043456521739130435,0.7575706521739131
2017-08-25 00:00:00+00:00,0.35522150598792934,0.3034175182481752,0.19027737226277372,0.04522627737226277,0.7645474452554745
2017-08-26 00:00:00+00:00,0.3706539130803837,0.33665882352941184,0.21413725490196078,0.04777450980392157,0.738107843137255
2017-08-27 00:00:00+00:00,0.3658493666827,0.24055703703703704,0.1814962962962963,0.05622962962962963,0.7623185185185185
2017-08-28 00:00:00+00:00,0.34071969696969695,0.1874904411764706,0.17858823529411766,0.06436764705882353,0.7570808823529411
2017-08-29 00:00:00+00:00,0.3435970883954755,0.20934435483870967,0.18983064516129033,0.07125806451612904,0.738983870967742
2017-08-30 00:00:00+00:00,0.34966289104638615,0.2643077669902913,0.19252912621359225,0.04927184466019418,0.7582766990291263
2017-08-31 00:00:00+00:00,0.3590350377183117,0.2917302491103203,0.18533451957295374,0.04044839857651245,0.7742633451957296
2017-09-01 00:00:00+00:00,0.3242049118416306,0.288226953125,0.184,0.04313671875,0.77290625
2017-09-02 00:00:00+00:00,0.3531339351705205,0.29690926829268294,0.19508292682926828,0.04264878048780488,0.7623024390243902
2017-09-03 00:00:00+00:00,0.3596792263530461,0.23165922746781117,0.17385836909871244,0.055218884120171674,0.7709570815450644
2017-09-04 00:00:00+00:00,0.3441286051783289,0.18233425414364643,0.18033149171270718,0.07007182320441989,0.7496574585635358
2017-09-05 00:00:00+00:00,0.2826898312125585,0.20394469696969697,0.1958712121212121,0.07770454545454546,0.7264772727272727
2017-09-06 00:00:00+00:00,0.33356109994502847,0.21088214285714288,0.1935297619047619,0.06013690476190476,0.746375
2017-09-07 00:00:00+00:00,0.3256133938920824,0.15580109289617486,0.18914207650273224,0.08015300546448088,0.7308032786885246
2017-09-08 00:00:00+00:00,0.3623707916015608,0.2798213017751479,0.20995857988165678,0.05285798816568047,0.7372366863905325
2017-09-09 00:00:00+00:00,0.3374089447823625,0.1957215189873418,0.18460759493670886,0.057303797468354435,0.7581075949367089
2017-09-10 00:00:00+00:00,0.29531790870773916,0.0731265536723164,0.14880790960451976,0.08218079096045197,0.7691186440677967
2017-09-11 00:00:00+00:00,0.3749321399321399,0.23998243243243245,0.19881756756756758,0.05543918918918919,0.7458108108108108
2017-09-12 00:00:00+00:00,0.3311709854126915,0.22281232227488154,0.18281042654028437,0.060056872037914696,0.7571848341232227
2017-09-13 00:00:00+00:00,0.3421710831256286,0.19161030303030302,0.19475757575757574,0.06943636363636364,0.7358848484848485
2017-09-14 00:00:00+00:00,0.31716851285968933,0.15387529411764708,0.16771176470588234,0.07067058823529411,0.7616647058823529
2017-09-15 00:00:00+00:00,0.37267286823645207,0.18286647398843933,0.16232947976878612,0.0652543352601156,0.7724971098265896
2017-09-16 00:00:00+00:00,0.38468885841556644,0.09456583850931678,0.15104968944099378,0.09506211180124223,0.7539813664596273
2017-09-17 00:00:00+00:00,0.3501953270925352,0.11996852791878174,0.13731472081218274,0.07187309644670051,0.7909187817258884
2017-09-18 00:00:00+00:00,0.33711294922009205,0.08542380952380953,0.13636190476190477,0.08373333333333333,0.779952380952381
2017-09-19 00:00:00+00:00,0.3238891789394302,0.16499497487437187,0.14719597989949748,0.059462311557788944,0.7933668341708543
2017-09-20 00:00:00+00:00,0.3552615368820902,0.21143359683794466,0.16430434782608697,0.054114624505928854,0.7816284584980238
2017-09-21 00:00:00+00:00,0.377315191170153,0.19147977099236643,0.15427862595419847,0.0561030534351145,0.7896870229007633
2017-09-22 00:00:00+00:00,0.30316133064796164,0.10071657754010697,0.15103208556149733,0.08064171122994652,0.7683957219251337
2017-09-23 00:00:00+00:00,0.3366848315083609,0.12268529411764706,0.16093529411764704,0.08206470588235294,0.7571176470588236
2017-09-24 00:00:00+00:00,0.3450499269249269,0.18727371794871794,0.18575,0.07628846153846154,0.7381025641025641
2017-09-25 00:00:00+00:00,0.373794683851502,0.19258181818181822,0.17893181818181816,0.060562500000000005,0.7605852272727273
2017-09-26 00:00:00+00:00,0.4188905746382382,0.22987102803738318,0.17760280373831774,0.055696261682242995,0.7667570093457945
2017-09-27 00:00:00+00:00,0.3564600978731413,0.20913782608695652,0.17759130434782608,0.06208695652173914,0.760404347826087
2017-09-28 00:00:00+00:00,0.35507291817698516,0.22222248803827754,0.17429186602870814,0.052813397129186604,0.7729282296650718
2017-09-29 00:00:00+00:00,0.42597727483692394,0.32071798245614036,0.19224122807017546,0.032627192982456144,0.7751491228070175
2017-09-30 00:00:00+00:00,0.30494332559549947,0.25171980676328504,0.18582125603864733,0.04995652173913044,0.7642657004830918
2017-10-01 00:00:00+00:00,0.3688111488111488,0.2823873873873874,0.18803153153153154,0.043684684684684685,0.7683873873873873
2017-10-02 00:00:00+00:00,0.31812173535830557,0.19596322314049588,0.16301239669421486,0.05751239669421488,0.7795537190082645
2017-10-03 00:00:00+00:00,0.36544426023149423,0.19492170212765958,0.17430638297872342,0.06523404255319148,0.760536170212766
2017-10-04 00:00:00+00:00,0.3817215694358551,0.2099152380952381,0.17324761904761904,0.0644904761904762,0.7623571428571428
2017-10-05 00:00:00+00:00,0.3895601020977905,0.24984120603015075,0.18096482412060302,0.059150753768844225,0.7599246231155778
2017-10-06 00:00:00+00:00,0.3447577791593749,0.1569494680851064,0.15451595744680852,0.06945212765957447,0.7761276595744682
2017-10-07 00:00:00+00:00,0.3349866437641784,0.20612142269736844,0.19388692434210528,0.08333305921052632,0.7227911184210526
2017-10-08 00:00:00+00:00,0.32460619622075815,0.17402587348709753,0.19134909035548453,0.09794062571363325,0.7107100555682424
2017-10-09 00:00:00+00:00,0.32089710715519254,0.14318658184214528,0.1784557205859989,0.09961813757793886,0.7219290312769301
2017-10-10 00:00:00+00:00,0.32964440215638524,0.0931885877763329,0.16847443433029907,0.11499937581274382,0.7165311833550065
2017-10-11 00:00:00+00:00,0.31727270235592847,0.18182727500941384,0.18714321576503076,0.08761993222040919,0.7252334630350195
2017-10-12 00:00:00+00:00,0.3326547721284563,0.15607206477732796,0.16559109311740888,0.0671497975708502,0.7673441295546558
2017-10-13 00:00:00+00:00,0.3128526656874871,0.1678669642857143,0.16880803571428574,0.0657857142857143,0.765450892857143
2017-10-14 00:00:00+00:00,0.32849019347998937,0.18603632653061225,0.16389795918367348,0.06087755102040817,0.775269387755102
2017-10-15 00:00:00+00:00,0.2989136474406184,0.18413651452282156,0.17263070539419087,0.06523651452282159,0.7622033195020746
2017-10-16 00:00:00+00:00,0.3575618262945452,0.17412949308755762,0.17370506912442393,0.07041013824884793,0.755963133640553
2017-10-17 00:00:00+00:00,0.3484135716681842,0.22701845018450187,0.1633690036900369,0.05001107011070111,0.7866642066420665
2017-10-18 00:00:00+00:00,0.341069432931135,0.23371234042553193,0.16514042553191488,0.043885106382978725,0.7910170212765958
2017-10-19 00:00:00+00:00,0.34016047509254027,0.16510869565217393,0.16742934782608695,0.06677173913043478,0.7658804347826087
2017-10-20 00:00:00+00:00,0.31914287728327134,0.11507980295566503,0.14902463054187193,0.06804433497536946,0.7829655172413793
2017-10-21 00:00:00+00:00,0.3187915201647596,0.16851830985915495,0.1575586854460094,0.05924882629107982,0.7832863849765258
2017-10-22 00:00:00+00:00,0.34239486703772415,0.14861785714285713,0.1807738095238095,0.07515476190476192,0.7441904761904762
2017-10-23 00:00:00+00:00,0.3784125257130576,0.23208829787234045,0.18989893617021278,0.0618563829787234,0.7483031914893618
2017-10-24 00:00:00+00:00,0.3923562893170736,0.1726202614379085,0.17458823529411766,0.07431372549019609,0.751202614379085
2017-10-25 00:00:00+00:00,0.33254438517831375,0.15264107142857145,0.17089285714285712,0.07437500000000001,0.7548571428571429
2017-10-26 00:00:00+00:00,0.33213932731277224,0.1237976076555024,0.1451818181818182,0.07510526315789474,0.779755980861244
2017-10-27 00:00:00+00:00,0.3065292252329289,0.04968086419753087,0.11422222222222222,0.07908641975308643,0.8067098765432099
2017-10-28 00:00:00+00:00,0.3511816067867023,0.1737050955414013,0.16189171974522293,0.06496178343949044,0.773171974522293
2017-10-29 00:00:00+00:00,0.317972175972176,0.12608666666666668,0.15336410256410254,0.07390769230769231,0.7727948717948717
2017-10-30 00:00:00+00:00,0.34089836250705813,0.1753308695652174,0.1651521739130435,0.06322608695652174,0.7716652173913043
2017-10-31 00:00:00+00:00,0.37027642496392493,0.19845038461538464,0.16760384615384616,0.05955384615384615,0.7728923076923077
2017-11-01 00:00:00+00:00,0.30039188062894956,0.09261163793103448,0.1411206896551724,0.07759051724137932,0.781323275862069
2017-11-02 00:00:00+00:00,0.3154730785721201,0.16923833865814697,0.15081789137380192,0.06410862619808307,0.7851182108626198
2017-11-03 00:00:00+00:00,0.3224548636922374,0.1684774410774411,0.15355555555555556,0.06611111111111112,0.7803804713804714
2017-11-04 00:00:00+00:00,0.31386238225294016,0.14989484978540774,0.15198283261802575,0.06864377682403433,0.7794678111587983
2017-11-05 00:00:00+00:00,0.3305029058379574,0.18605670103092786,0.15231615120274913,0.057388316151202746,0.7903333333333333
2017-11-06 00:00:00+00:00,0.34747843035902737,0.18696000000000002,0.15010746268656716,0.05604477611940299,0.7938895522388059
2017-11-07 00:00:00+00:00,0.3515015814712784,0.1263490909090909,0.14877575757575756,0.07414545454545454,0.777109090909091
2017-11-08 00:00:00+00:00,0.33411170311170313,0.1524374358974359,0.15575384615384616,0.07732820512820514,0.7670051282051282
2017-11-09 00:00:00+00:00,0.3445737561896098,0.15272829268292684,0.1560390243902439,0.07794146341463415,0.7661073170731707
2017-11-10 00:00:00+00:00,0.35412473623528895,0.16929246231155778,0.1513065326633166,0.06835678391959799,0.7803869346733668
2017-11-11 00:00:00+00:00,0.36132070281657547,0.14075330188679247,0.1484198113207547,0.0796179245283019,0.7720141509433962
2017-11-12 00:00:00+00:00,0.3501783463615014,0.15643208556149732,0.1453422459893048,0.08342245989304813,0.771283422459893
2017-11-13 00:00:00+00:00,0.35688925530548565,0.10136701570680628,0.12992670157068062,0.08132460732984294,0.7888115183246074
2017-11-14 00:00:00+00:00,0.3593120593273032,0.20875528455284553,0.1579471544715447,0.06503658536585366,0.7770772357723578
2017-11-15 00:00:00+00:00,0.3353642546453705,0.15720729613733905,0.1447596566523605,0.07167381974248926,0.7835965665236052
2017-11-16 00:00:00+00:00,0.32786363636363636,0.15654029411764706,0.1310794117647059,0.061950000000000005,0.8070205882352941
2017-11-17 00:00:00+00:00,0.32429693412647953,0.14036748251748252,0.1241083916083916,0.06604195804195805,0.8099265734265735
2017-11-18 00:00:00+00:00,0.3425767862213645,0.191939156626506,0.14643373493975903,0.06554819277108434,0.7880361445783132
2017-11-19 00:00:00+00:00,0.32347943722943723,0.09018048780487804,0.12258943089430895,0.08004471544715447,0.7974308943089431
2017-11-20 00:00:00+00:00,0.30067542862034385,0.20750805084745763,0.15084322033898304,0.06030084745762712,0.7889449152542373
2017-11-21 00:00:00+00:00,0.31919359730926894,0.16804440298507461,0.13767164179104477,0.07032462686567165,0.7921082089552238
2017-11-22 00:00:00+00:00,0.32780854677729676,0.13191333333333335,0.13254166666666667,0.07932916666666667,0.7882166666666667
2017-11-23 00:00:00+00:00,0.308128564557136,0.10631674876847291,0.1196896551724138,0.08079802955665025,0.7995615763546798
2017-11-24 00:00:00+00:00,0.3159090751558,0.06036506550218341,0.11860262008733624,0.08885152838427948,0.7926419213973799
2017-11-25 00:00:00+00:00,0.3096016113516113,-0.00780619047619047,0.1113857142857143,0.09967619047619047,0.7890238095238095
2017-11-26 00:00:00+00:00,0.37773532059524273,0.259215953307393,0.17789494163424124,0.06113229571984436,0.7609805447470818
2017-11-27 00:00:00+00:00,0.32336923878590546,0.148700350877193,0.1387298245614035,0.07055789473684211,0.7907473684210526
2017-11-28 00:00:00+00:00,0.35934617813100783,0.14647987616099073,0.13478637770897833,0.07032198142414861,0.7949628482972138
2017-11-29 00:00:00+00:00,0.3809695831665529,0.19997599067599067,0.15514452214452215,0.06957109557109557,0.7753286713286713
2017-11-30 00:00:00+00:00,0.40217571168720595,0.1747229885057471,0.14070114942528736,0.07294827586206896,0.786405172413793
2017-12-01 00:00:00+00:00,0.3955515581104349,0.19424855072463768,0.15218115942028987,0.06849999999999999,0.7793985507246377
2017-12-02 00:00:00+00:00,0.3734473506617903,0.16423663793103446,0.15270689655172412,0.07445258620689656,0.7729353448275862
2017-12-03 00:00:00+00:00,0.37281541955815817,0.2022954356846473,0.15665975103734442,0.06430290456431535,0.7790954356846473
2017-12-04 00:00:00+00:00,0.39431815414556,0.1976050209205021,0.15420083682008368,0.059933054393305436,0.7859037656903766
2017-12-05 00:00:00+00:00,0.3810680324532783,0.13513704918032787,0.1408032786885246,0.0748,0.7844754098360657
2017-12-06 00:00:00+00:00,0.3700726273535552,0.1466376288659794,0.13670876288659795,0.07283247422680413,0.7905077319587629
2017-12-07 00:00:00+00:00,0.3656789311028684,0.17754630872483224,0.16005145413870248,0.07695973154362416,0.7630089485458613
2017-12-08 00:00:00+00:00,0.3848350594150099,0.17113086962521934,0.1834526743291998,0.1054932870689825,0.7110594799203517
2017-12-09 00:00:00+00:00,0.3914700469932583,0.19549028851769656,0.18970071253358253,0.09764588249036328,0.7126546197874081
2017-12-10 00:00:00+00:00,0.3857630541839526,0.2124359375,0.15737812499999998,0.062193750000000006,0.7804875
2017-12-11 00:00:00+00:00,0.38939486377654825,0.21555935828877007,0.15005347593582888,0.06726470588235293,0.7827486631016043
2017-12-12 00:00:00+00:00,0.3554891193208501,0.22720976331360945,0.152198224852071,0.06455325443786981,0.783292899408284
2017-12-13 00:00:00+00:00,0.3270755065184413,0.20588478260869564,0.16685144927536233,0.07361594202898551,0.7595760869565218
2017-12-14 00:00:00+00:00,0.4029693934418072,0.25420275862068964,0.16142758620689654,0.05847931034482758,0.7800620689655172
2017-12-15 00:00:00+00:00,0.3424793113299825,0.1895248322147651,0.14475838926174495,0.06752684563758389,0.787755033557047
2017-12-16 00:00:00+00:00,0.3472255553909546,0.10501901140684411,0.127148288973384,0.08220152091254752,0.7906653992395437
2017-12-17 00:00:00+00:00,0.33307461066187477,0.20954981132075473,0.1441811320754717,0.0584,0.7974264150943396
2017-12-18 00:00:00+00:00,0.34262111493275876,0.15802431506849315,0.15352054794520548,0.0696472602739726,0.7768801369863013
2017-12-19 00:00:00+00:00,0.3563140704093085,0.21070190476190476,0.151631746031746,0.06407619047619048,0.7843523809523809
2017-12-20 00:00:00+00:00,0.36941402118957367,0.09653259668508288,0.13014088397790055,0.08490331491712708,0.7850193370165747
2017-12-21 00:00:00+00:00,0.3453165957823852,0.03494736842105264,0.11311578947368421,0.10351315789473685,0.7834184210526316
2017-12-22 00:00:00+00:00,0.38071741230306044,0.10768571428571427,0.1345952380952381,0.08897883597883598,0.776489417989418
2017-12-23 00:00:00+00:00,0.3880697612062502,0.14115882352941178,0.14199632352941174,0.07897058823529413,0.7790404411764706
2017-12-24 00:00:00+00:00,0.3457294191661144,0.18210042918454936,0.15576394849785408,0.07033047210300429,0.7739699570815451
2017-12-25 00:00:00+00:00,0.365203489496094,0.1797668810289389,0.13983922829581993,0.07731511254019294,0.7829228295819936
2017-12-26 00:00:00+00:00,0.3528132617195117,0.16214121621621622,0.13902702702702702,0.06997297297297297,0.7910608108108108
2017-12-27 00:00:00+00:00,0.4050520134697071,0.16943450704225352,0.14947887323943662,0.06880633802816902,0.7817147887323944
2017-12-28 00:00:00+00:00,0.38625884461181464,0.17102474226804124,0.14627835051546392,0.06931271477663231,0.7844432989690722
2017-12-29 00:00:00+00:00,0.36370748337353503,0.1553369003690037,0.14861992619926198,0.07211439114391144,0.7793616236162362
2017-12-30 00:00:00+00:00,0.3706756713690317,0.17584810996563577,0.14476288659793812,0.06625085910652921,0.7890481099656358
