,timestamp,subjectivity,compound,pos_pol,neg_pol,neu_pol,text
0,2016-01-01 00:00:00+00:00,0.2689751243781094,0.3012298507462687,0.1523253731343283,0.0367044776119403,0.8110149253731344,662
1,2016-01-02 00:00:00+00:00,0.3018705035971223,0.3884794964028777,0.1730935251798561,0.0142985611510791,0.8126330935251799,619
2,2016-01-03 00:00:00+00:00,0.3699742901855578,0.4286694835680751,0.1866197183098591,0.0053849765258215,0.8080046948356808,443
3,2016-01-04 00:00:00+00:00,0.3640422322775264,0.3932579185520362,0.1797194570135746,0.0091538461538461,0.8111402714932127,480
4,2016-01-05 00:00:00+00:00,0.4314065510597303,0.3990468208092486,0.1854046242774566,0.0082196531791907,0.8063815028901735,448
5,2016-01-06 00:00:00+00:00,0.3228373478373478,0.4147358974358974,0.1801709401709401,0.0048076923076923,0.8150299145299146,469
6,2016-01-07 00:00:00+00:00,0.2650400916380298,0.41833264604811,0.1786838487972508,0.0053986254295532,0.8159209621993126,636
7,2016-01-08 00:00:00+00:00,0.3145790080738177,0.3225709342560554,0.1637508650519031,0.0309896193771626,0.8053148788927337,640
8,2016-01-09 00:00:00+00:00,0.2851022864019253,0.3683823104693141,0.1694909747292418,0.0205703971119133,0.809971119133574,571
9,2016-01-10 00:00:00+00:00,0.2693073593073593,0.3806522727272727,0.1694707792207792,0.0126980519480519,0.8178441558441559,516
10,2016-01-11 00:00:00+00:00,0.3171643883631265,0.2690690851735016,0.1495173501577287,0.04297476340694,0.8075615141955836,663
11,2016-01-12 00:00:00+00:00,0.3748189300411522,0.2657444444444444,0.1564851851851851,0.0464333333333333,0.7971481481481482,586
12,2016-01-13 00:00:00+00:00,0.3483732173072274,0.4012086294416244,0.1781979695431472,0.0098121827411167,0.812005076142132,449
13,2016-01-14 00:00:00+00:00,0.3287222222222222,0.2639147368421052,0.1511684210526315,0.0465649122807017,0.8023368421052631,649
14,2016-01-15 00:00:00+00:00,0.2946115288220551,0.3441274436090226,0.1648947368421052,0.0235714285714285,0.8115526315789473,594
15,2016-01-16 00:00:00+00:00,0.2364486638537271,0.2095185654008439,0.1341012658227848,0.0633839662447257,0.8025907172995781,598
16,2016-01-17 00:00:00+00:00,0.2670617283950617,0.3444907407407407,0.1646,0.0255814814814814,0.809862962962963,603
17,2016-01-18 00:00:00+00:00,0.3437887887887887,0.361209009009009,0.1735,0.0224234234234234,0.8041081081081081,512
18,2016-01-19 00:00:00+00:00,0.3434136546184739,0.395621686746988,0.1790481927710843,0.0116385542168674,0.8093192771084338,383
19,2016-01-20 00:00:00+00:00,0.2691382113821138,0.3570356097560975,0.1697268292682927,0.0221951219512195,0.8081121951219513,479
20,2016-01-21 00:00:00+00:00,0.3502923976608187,0.400811403508772,0.180859649122807,0.0112938596491228,0.807859649122807,489
21,2016-01-22 00:00:00+00:00,0.3713541666666666,0.3366774999999999,0.17041,0.029375,0.800255,397
22,2016-01-23 00:00:00+00:00,0.3177363184079602,0.2684929104477612,0.1493059701492537,0.0457238805970149,0.8050149253731343,508
23,2016-01-24 00:00:00+00:00,0.3405462184873949,0.354563025210084,0.1683949579831933,0.0219789915966386,0.8096428571428571,414
24,2016-01-25 00:00:00+00:00,0.367261335156072,0.4376923444976076,0.1904354066985646,0.0029138755980861,0.8066507177033493,412
25,2016-01-26 00:00:00+00:00,0.2559002976190476,0.3806058035714286,0.1755892857142857,0.0184241071428571,0.8060223214285714,471
26,2016-01-27 00:00:00+00:00,0.3560148468036817,0.2977223300970874,0.1580485436893204,0.0385388349514563,0.8034563106796117,505
27,2016-01-28 00:00:00+00:00,0.3265157944365865,0.0680412541254125,0.1050924092409241,0.0863762376237623,0.8085940594059405,591
28,2016-01-29 00:00:00+00:00,0.2540574433656958,0.1536514563106796,0.1205194174757281,0.0627281553398058,0.8167621359223302,429
29,2016-01-30 00:00:00+00:00,0.2467539983164983,0.1310090277777778,0.1161423611111111,0.0756875,0.8082083333333334,544
30,2016-01-31 00:00:00+00:00,0.1697760382691889,0.2225511415525114,0.1256255707762557,0.0450776255707762,0.8293059360730594,441
31,2016-02-01 00:00:00+00:00,0.1862973760932944,0.1979642857142857,0.1219030612244898,0.0511683673469387,0.8269336734693878,385
32,2016-02-02 00:00:00+00:00,0.2285194427115824,0.1567978165938864,0.1169694323144104,0.0643318777292576,0.8187161572052402,443
33,2016-02-03 00:00:00+00:00,0.2488058035714285,0.06027734375,0.09819921875,0.0908203125,0.81104296875,579
34,2016-02-04 00:00:00+00:00,0.3353635747407989,0.0885256227758007,0.111508896797153,0.0827580071174377,0.8057971530249111,597
35,2016-02-05 00:00:00+00:00,0.2940404889228418,0.272744705882353,0.1479235294117647,0.0375235294117647,0.814564705882353,609
36,2016-02-06 00:00:00+00:00,0.2276679313196166,0.1545533707865168,0.1154494382022471,0.0612921348314606,0.8232696629213483,587
37,2016-02-07 00:00:00+00:00,0.2404941057059701,0.1050483050847457,0.107,0.075707627118644,0.8173220338983052,681
38,2016-02-08 00:00:00+00:00,0.2388190970292137,0.1233482490272373,0.1116459143968871,0.0713579766536964,0.8170428015564202,783
39,2016-02-09 00:00:00+00:00,0.2502225189141077,0.093972429906542,0.1043878504672897,0.0775,0.8181542056074766,708
40,2016-02-10 00:00:00+00:00,0.2428030541149352,0.1455224422442244,0.1216567656765676,0.068013201320132,0.8103795379537954,786
41,2016-02-11 00:00:00+00:00,0.2098205659075224,0.1634873913043478,0.1189913043478261,0.0587086956521739,0.8223217391304347,660
42,2016-02-12 00:00:00+00:00,0.2318764948901935,0.1341547945205479,0.1230136986301369,0.0726438356164383,0.8044200913242009,699
43,2016-02-13 00:00:00+00:00,0.2678253968253968,0.351183,0.17304,0.0249433333333333,0.8020366666666666,702
44,2016-02-14 00:00:00+00:00,0.3346181199752628,0.2618157142857143,0.152775,0.0471892857142857,0.8000642857142857,707
45,2016-02-15 00:00:00+00:00,0.2986632981166743,0.2773630225080385,0.1581864951768488,0.0451479099678456,0.7966816720257235,724
46,2016-02-16 00:00:00+00:00,0.3459043778801843,0.3670358870967742,0.1825967741935484,0.0245806451612903,0.7928548387096774,583
47,2016-02-17 00:00:00+00:00,0.3742398354690713,0.2194475083056478,0.1429667774086379,0.0565514950166113,0.800514950166113,622
48,2016-02-18 00:00:00+00:00,0.3558187735525864,0.3111758992805755,0.1615503597122302,0.0334532374100719,0.8050323741007195,604
49,2016-02-19 00:00:00+00:00,0.3378743545611015,0.2404171686746987,0.1535180722891566,0.0553825301204819,0.7911355421686747,611
50,2016-02-20 00:00:00+00:00,0.3615020773410035,0.2751181208053691,0.161738255033557,0.0461879194630872,0.7921006711409396,566
51,2016-02-21 00:00:00+00:00,0.3747639841962986,0.2889768558951965,0.1553231441048035,0.0367336244541484,0.8079606986899563,521
52,2016-02-22 00:00:00+00:00,0.3027147450620119,0.2526257234726688,0.1557909967845659,0.0527556270096463,0.7915016077170418,637
53,2016-02-23 00:00:00+00:00,0.3526263962375073,0.2433614197530864,0.1545771604938271,0.0545493827160493,0.7909351851851852,687
54,2016-02-24 00:00:00+00:00,0.3706628982528263,0.277018345323741,0.1573489208633093,0.0440179856115107,0.798658273381295,624
55,2016-02-25 00:00:00+00:00,0.3897110978282526,0.3074564853556485,0.1613179916317991,0.0326861924686192,0.8060041841004185,532
56,2016-02-26 00:00:00+00:00,0.2797050989849003,0.3776350993377483,0.2612531839021905,0.0530494141619969,0.6856917982679571,3085
57,2016-02-27 00:00:00+00:00,0.2818944395161016,0.4197326955955386,0.2835654156150777,0.0434989823333061,0.6729325083448668,20065
58,2016-02-28 00:00:00+00:00,0.2872726996222275,0.4278421168203777,0.2815783047870004,0.0389559947299077,0.6794702678963549,18666
59,2016-02-29 00:00:00+00:00,0.3151322751322751,0.3091144781144781,0.1591245791245791,0.0349427609427609,0.805949494949495,637
60,2016-03-01 00:00:00+00:00,0.3590524640088593,0.3328686046511628,0.168906976744186,0.0312790697674418,0.7998449612403101,590
61,2016-03-02 00:00:00+00:00,0.3066831501831502,0.3829903846153846,0.1739730769230769,0.015726923076923,0.8103038461538462,601
62,2016-03-03 00:00:00+00:00,0.3433736884584342,0.371637627118644,0.1690915254237288,0.0195254237288135,0.8113898305084746,621
63,2016-03-04 00:00:00+00:00,0.3989214641080312,0.2334089552238806,0.1493880597014925,0.054320895522388,0.7963656716417911,609
64,2016-03-05 00:00:00+00:00,0.3068890633176347,0.1858186813186813,0.133315934065934,0.0677994505494505,0.7989478021978023,678
65,2016-03-06 00:00:00+00:00,0.3060421545667447,0.1713323770491803,0.1345532786885246,0.0730204918032786,0.7924959016393442,600
66,2016-03-07 00:00:00+00:00,0.3047830344258915,0.27415,0.1537564935064935,0.0478896103896103,0.7983993506493506,652
67,2016-03-08 00:00:00+00:00,0.4461079365079365,0.3442857777777778,0.17548,0.0290711111111111,0.7954622222222223,524
68,2016-03-09 00:00:00+00:00,0.401881136292901,0.3340029411764706,0.1734656862745098,0.0308333333333333,0.7957205882352941,486
69,2016-03-10 00:00:00+00:00,0.3203464970403746,0.3641240816326531,0.1691224489795918,0.0216612244897959,0.8092204081632653,520
70,2016-03-11 00:00:00+00:00,0.3813582646064398,0.3237437956204379,0.1638321167883211,0.0298430656934306,0.8063430656934307,565
71,2016-03-12 00:00:00+00:00,0.3373926073926074,0.3502300699300699,0.1702657342657342,0.0254440559440559,0.8042937062937062,529
72,2016-03-13 00:00:00+00:00,0.3202815570672713,0.3618111111111111,0.1835555555555555,0.0263769841269841,0.7900952380952382,491
73,2016-03-14 00:00:00+00:00,0.4124323927101704,0.3269814814814815,0.1783991769547325,0.0323045267489712,0.789358024691358,546
74,2016-03-15 00:00:00+00:00,0.4219232002565335,0.3874939393939394,0.1863131313131313,0.0183080808080808,0.7953787878787879,545
75,2016-03-16 00:00:00+00:00,0.3619805884137094,0.3448089171974522,0.170312101910828,0.0270191082802547,0.8026815286624204,459
76,2016-03-17 00:00:00+00:00,0.3487533274179236,0.236183850931677,0.1712298136645962,0.0670807453416149,0.7617701863354037,494
77,2016-03-18 00:00:00+00:00,0.3592357034137856,0.2003561643835616,0.1449269406392694,0.0657077625570776,0.7894611872146119,617
78,2016-03-19 00:00:00+00:00,0.3485789871504157,0.3194015873015873,0.1745555555555555,0.0384126984126984,0.7870476190476191,484
79,2016-03-20 00:00:00+00:00,0.3975387907972177,0.074152808988764,0.1211067415730337,0.1019831460674157,0.7770168539325842,508
80,2016-03-21 00:00:00+00:00,0.2755065856129686,0.1450287234042553,0.1204148936170212,0.0834255319148936,0.7961808510638297,389
81,2016-03-22 00:00:00+00:00,0.3350491013526032,0.1633054474708171,0.1385058365758755,0.0795136186770427,0.7820661478599222,613
82,2016-03-23 00:00:00+00:00,0.3736599953991258,0.2289531400966183,0.1485845410628019,0.0639903381642512,0.787463768115942,503
83,2016-03-24 00:00:00+00:00,0.3423872595395774,0.1896615894039735,0.1407483443708609,0.0673841059602649,0.7919304635761589,596
84,2016-03-25 00:00:00+00:00,0.3607417160412551,0.0927921658986175,0.1151935483870967,0.0901059907834101,0.7947695852534562,509
85,2016-03-26 00:00:00+00:00,0.3893929135635297,0.1077748815165876,0.1216303317535545,0.0892464454976303,0.7891800947867298,467
86,2016-03-27 00:00:00+00:00,0.3406371562709591,0.2137056338028169,0.143556338028169,0.0616373239436619,0.7948732394366197,608
87,2016-03-28 00:00:00+00:00,0.2648952380952381,0.3427966153846153,0.1631446153846154,0.0275107692307692,0.8093600000000001,635
88,2016-03-29 00:00:00+00:00,0.2922759961127308,0.2788391836734694,0.1563183673469387,0.0426163265306122,0.8010897959183674,531
89,2016-03-30 00:00:00+00:00,0.3414814814814814,0.3226662222222222,0.1678,0.0336533333333333,0.7985511111111111,541
90,2016-03-31 00:00:00+00:00,0.3777225672877847,0.3260853260869565,0.1739945652173913,0.0383369565217391,0.7876684782608696,468
91,2016-04-01 00:00:00+00:00,0.3594968503096306,0.3382641255605381,0.1705336322869955,0.0319058295964125,0.7975560538116592,526
92,2016-04-02 00:00:00+00:00,0.4049909123954925,0.1582190839694656,0.1382519083969465,0.0769656488549618,0.7848740458015268,599
93,2016-04-03 00:00:00+00:00,0.3756896937178627,0.3014159624413145,0.1644694835680751,0.0388779342723004,0.7966666666666666,536
94,2016-04-04 00:00:00+00:00,0.3599774138904573,0.1833529644268774,0.140296442687747,0.0706600790513834,0.789098814229249,604
95,2016-04-05 00:00:00+00:00,0.360366414478564,0.2145563862928349,0.1441370716510903,0.0617289719626168,0.7941993769470406,635
96,2016-04-06 00:00:00+00:00,0.3164352689036233,0.2583658227848101,0.1503607594936709,0.0487025316455696,0.8009810126582279,657
97,2016-04-07 00:00:00+00:00,0.342346064092789,0.3192532751091703,0.1666157205240174,0.0335021834061135,0.7998995633187772,509
98,2016-04-08 00:00:00+00:00,0.275695670995671,0.2830415,0.160145,0.04078,0.7990950000000001,468
99,2016-04-09 00:00:00+00:00,0.4007227513227513,0.0882475555555555,0.11452,0.0935333333333333,0.79204,555
100,2016-04-10 00:00:00+00:00,0.3353901633646159,0.3295364963503649,0.1663649635036496,0.0340145985401459,0.7996204379562044,372
101,2016-04-11 00:00:00+00:00,0.2698820445609436,0.2523715596330275,0.1448256880733945,0.0525733944954128,0.8026697247706422,527
102,2016-04-12 00:00:00+00:00,0.2694208885989708,0.1631648401826484,0.1233744292237443,0.0747990867579908,0.8018767123287671,514
103,2016-04-13 00:00:00+00:00,0.2592733984361891,0.3173711627906977,0.1554,0.0352232558139534,0.8094046511627907,480
104,2016-04-14 00:00:00+00:00,0.262084249084249,0.35443,0.1648692307692307,0.0297230769230769,0.8054230769230769,393
105,2016-04-15 00:00:00+00:00,0.3239312894107414,0.2650675799086758,0.1508493150684931,0.0508401826484018,0.7983698630136987,514
106,2016-04-16 00:00:00+00:00,0.3582656778558418,0.3171081967213114,0.1639234972677595,0.0411857923497267,0.7949180327868852,433
107,2016-04-17 00:00:00+00:00,0.3913442697653224,0.3304497607655502,0.1692392344497607,0.0362870813397129,0.7944928229665073,424
108,2016-04-18 00:00:00+00:00,0.3625113739763421,0.3300184713375796,0.1662738853503184,0.0355605095541401,0.7981910828025478,350
109,2016-04-19 00:00:00+00:00,0.3834394363806128,0.3547235294117647,0.1803743315508021,0.0304812834224598,0.7891818181818182,395
110,2016-04-20 00:00:00+00:00,0.3533650793650793,0.258522962962963,0.1547259259259259,0.0544962962962963,0.7908222222222222,344
111,2016-04-21 00:00:00+00:00,0.2579064890204787,0.3345943005181347,0.1649844559585492,0.0370103626943005,0.7980621761658032,412
112,2016-04-22 00:00:00+00:00,0.3866524094667807,0.3437167664670659,0.1728443113772455,0.0336047904191616,0.7935688622754492,398
113,2016-04-23 00:00:00+00:00,0.3781578032672923,0.3237671532846715,0.1691459854014598,0.0398175182481751,0.791065693430657,374
114,2016-04-24 00:00:00+00:00,0.3549933244325767,0.3979906542056075,0.1971028037383177,0.0226542056074766,0.7802616822429906,358
115,2016-04-25 00:00:00+00:00,0.3445256696428571,0.4017484375,0.197625,0.0250078125,0.7773828125000001,345
116,2016-04-26 00:00:00+00:00,0.4347314986600701,0.3957910714285714,0.1902023809523809,0.0158630952380952,0.7939464285714286,387
117,2016-04-27 00:00:00+00:00,0.3211138595903789,0.4052972375690608,0.2495524861878453,0.0276276243093922,0.7228243093922653,1607
118,2016-04-28 00:00:00+00:00,0.3814163614163613,0.2796722222222222,0.1681196581196581,0.0473760683760683,0.7845940170940171,512
119,2016-04-29 00:00:00+00:00,0.3864950396825397,0.2983620833333333,0.1716125,0.0417125,0.7867375,476
120,2016-04-30 00:00:00+00:00,0.4230353959765724,0.3960743315508021,0.1910588235294117,0.0160160427807486,0.7929465240641712,404
121,2016-05-01 00:00:00+00:00,0.4297246127366609,0.3890331325301204,0.1843313253012048,0.0151084337349397,0.8005722891566266,433
122,2016-05-02 00:00:00+00:00,0.4207904761904762,0.4049474285714286,0.1864457142857143,0.0112228571428571,0.8023371428571429,395
123,2016-05-03 00:00:00+00:00,0.3711987462223311,0.3494528301886793,0.1727169811320754,0.0244764150943396,0.8028301886792454,468
124,2016-05-04 00:00:00+00:00,0.4182445200302343,0.2541837301587301,0.1578611111111111,0.0520833333333333,0.7901349206349206,505
125,2016-05-05 00:00:00+00:00,0.4181218161683278,0.3112637209302326,0.169613953488372,0.0383255813953488,0.7921162790697674,459
126,2016-05-06 00:00:00+00:00,0.3806748025843503,0.3601939698492462,0.1843618090452261,0.0272412060301507,0.7884371859296483,444
127,2016-05-07 00:00:00+00:00,0.3954253351826167,0.3950165048543689,0.1859466019417475,0.0140339805825242,0.8000388349514562,421
128,2016-05-08 00:00:00+00:00,0.378789584799437,0.282784236453202,0.1656009852216749,0.0454827586206896,0.788985221674877,491
129,2016-05-09 00:00:00+00:00,0.3891764069264069,0.3960075,0.1930875,0.0177875,0.78914375,409
130,2016-05-10 00:00:00+00:00,0.3702899029982363,0.3445055555555555,0.1720601851851851,0.0302083333333333,0.7977638888888889,459
131,2016-05-11 00:00:00+00:00,0.3880117820324005,0.4071015463917525,0.1873453608247422,0.0097371134020618,0.8029278350515464,465
132,2016-05-12 00:00:00+00:00,0.425858843537415,0.4196654761904761,0.1921964285714285,0.006845238095238,0.8009642857142858,397
133,2016-05-13 00:00:00+00:00,0.4210472337435688,0.4233544502617801,0.196413612565445,0.0092565445026178,0.7943350785340315,408
134,2016-05-14 00:00:00+00:00,0.453452380952381,0.4550131249999999,0.20935625,0.003,0.78765,345
135,2016-05-15 00:00:00+00:00,0.4645566010835472,0.4331131736526946,0.2081796407185628,0.0110119760479041,0.780808383233533,396
136,2016-05-16 00:00:00+00:00,0.4433381191672649,0.3564557788944724,0.1883417085427136,0.0281256281407035,0.7835778894472363,452
137,2016-05-17 00:00:00+00:00,0.3887460438720942,0.2952760504201681,0.1625252100840336,0.0396008403361344,0.7979243697478992,456
138,2016-05-18 00:00:00+00:00,0.4224361332515839,0.2307270386266094,0.1513905579399141,0.0559527896995708,0.792755364806867,490
139,2016-05-19 00:00:00+00:00,0.3545267733649476,0.3303062240663901,0.1667178423236514,0.0292406639004149,0.804078838174274,497
140,2016-05-20 00:00:00+00:00,0.3843611504007543,0.4251400990099009,0.1893514851485148,0.0061732673267326,0.804480198019802,427
141,2016-05-21 00:00:00+00:00,0.3403641456582633,0.4196269607843137,0.1815833333333333,0.0048529411764705,0.8135686274509805,406
142,2016-05-22 00:00:00+00:00,0.3828891941391941,0.3634980769230769,0.1757355769230769,0.0200240384615384,0.8042692307692308,467
143,2016-05-23 00:00:00+00:00,0.4097629179331307,0.2437412765957446,0.1525191489361702,0.0528340425531914,0.7947191489361702,499
144,2016-05-24 00:00:00+00:00,0.4170913770913771,0.2848153153153153,0.160545045045045,0.0419009009009009,0.7976081081081082,479
145,2016-05-25 00:00:00+00:00,0.4039968774395003,0.3772491803278688,0.1804180327868852,0.0174426229508196,0.8021475409836066,294
146,2016-05-26 00:00:00+00:00,0.3425009838646202,0.032915909090909,0.1196590909090909,0.1059090909090909,0.7745227272727273,228
147,2016-05-27 00:00:00+00:00,0.2976417233560091,0.007497619047619,0.1088809523809523,0.1115952380952381,0.7796904761904762,264
148,2016-05-28 00:00:00+00:00,0.3844674383587426,-0.071995652173913,0.0885391304347826,0.1368869565217391,0.7747130434782609,391
149,2016-05-29 00:00:00+00:00,0.3539773242630384,-0.0650885714285714,0.0875904761904761,0.1374761904761904,0.7751047619047619,407
150,2016-05-30 00:00:00+00:00,0.3124430641821946,-0.069411304347826,0.0924434782608695,0.1376,0.7701391304347827,442
151,2016-05-31 00:00:00+00:00,0.3438718291054738,-0.0810738317757009,0.087803738317757,0.143233644859813,0.7691401869158878,396
152,2016-06-01 00:00:00+00:00,0.3521116978259834,-0.0576747252747252,0.095065934065934,0.1361428571428571,0.768978021978022,343
153,2016-06-02 00:00:00+00:00,0.3527442492148374,0.0570117647058823,0.1297794117647058,0.107985294117647,0.7623970588235295,320
154,2016-06-03 00:00:00+00:00,0.3792610490284908,0.0409651162790697,0.1268139534883721,0.1126744186046511,0.7606511627906977,275
155,2016-06-04 00:00:00+00:00,0.3751914098972922,0.0134558823529411,0.1022647058823529,0.1225294117647058,0.775264705882353,281
156,2016-06-05 00:00:00+00:00,0.3117675544794188,0.1052830508474576,0.1607457627118644,0.0952881355932203,0.744186440677966,366
157,2016-06-06 00:00:00+00:00,0.3593771258503401,-0.0081428571428571,0.1131607142857142,0.1189642857142857,0.7680535714285714,288
158,2016-06-07 00:00:00+00:00,0.3577954144620811,-0.0381092592592592,0.0997407407407407,0.1339259259259259,0.7665,302
159,2016-06-08 00:00:00+00:00,0.3727238095238094,-0.08148,0.0841066666666666,0.1430266666666666,0.7730133333333333,367
160,2016-06-09 00:00:00+00:00,0.3597619047619047,0.0022575342465753,0.1108493150684931,0.1176849315068493,0.7716575342465753,356
161,2016-06-10 00:00:00+00:00,0.3568225108225107,-0.0744790909090909,0.0912272727272727,0.1369818181818181,0.7719636363636363,381
162,2016-06-11 00:00:00+00:00,0.3509986772486772,0.0579,0.1295833333333333,0.1034722222222222,0.7671111111111111,255
163,2016-06-12 00:00:00+00:00,0.3352380952380952,0.0841116666666666,0.1310833333333333,0.0966833333333333,0.7723666666666666,359
164,2016-06-13 00:00:00+00:00,0.42625138427464,0.1348581395348837,0.1416395348837209,0.0877674418604651,0.770720930232558,381
165,2016-06-14 00:00:00+00:00,0.366285594035594,-0.0549518181818181,0.0907636363636363,0.1299,0.7794818181818182,435
166,2016-06-15 00:00:00+00:00,0.3623842107713074,-0.0563516129032258,0.0909892473118279,0.1374838709677419,0.7716989247311828,404
167,2016-06-16 00:00:00+00:00,0.3021308611067647,0.0966590361445783,0.1271807228915663,0.0842771084337349,0.7886144578313253,394
168,2016-06-17 00:00:00+00:00,0.2889724310776942,0.1421210526315789,0.1418947368421052,0.0774473684210526,0.7807894736842106,314
169,2016-06-18 00:00:00+00:00,0.3564790764790764,0.1666458333333333,0.1575416666666666,0.0817083333333333,0.760875,289
170,2016-06-19 00:00:00+00:00,0.3940399385560675,0.1604064516129032,0.1593548387096774,0.0918709677419354,0.7489354838709678,279
171,2016-06-20 00:00:00+00:00,0.3242600373482726,-0.0954372549019607,0.0863431372549019,0.1449803921568627,0.7687843137254902,410
172,2016-06-21 00:00:00+00:00,0.3057738932422476,-0.0977367088607594,0.0783164556962025,0.1500126582278481,0.7717974683544304,372
173,2016-06-22 00:00:00+00:00,0.3587499999999999,-0.0630761363636363,0.0914545454545454,0.1355909090909091,0.7731363636363636,407
174,2016-06-23 00:00:00+00:00,0.4019883040935673,0.0749701754385964,0.1386666666666666,0.1043157894736842,0.7571578947368421,361
175,2016-06-24 00:00:00+00:00,0.3026002506265664,0.1258052631578947,0.1377105263157894,0.0844736842105263,0.777921052631579,415
176,2016-06-25 00:00:00+00:00,0.3231154697346407,0.2648295336787564,0.2308834196891191,0.0681943005181347,0.7009352331606217,987
177,2016-06-26 00:00:00+00:00,0.3928972262305595,0.144937037037037,0.144074074074074,0.0886666666666666,0.7673333333333333,244
178,2016-06-27 00:00:00+00:00,0.3469323593073593,0.053905,0.12075,0.10345,0.7758499999999999,292
179,2016-06-28 00:00:00+00:00,0.3464993564993565,-0.0655662162162162,0.0927432432432432,0.1406216216216216,0.7667837837837839,350
180,2016-06-29 00:00:00+00:00,0.3236734693877551,0.1428214285714285,0.1602380952380952,0.081,0.7589285714285714,297
181,2016-06-30 00:00:00+00:00,0.3621224489795918,0.1807114285714285,0.1705714285714285,0.0753714285714285,0.7542285714285715,271
182,2016-07-01 00:00:00+00:00,0.3327472527472527,0.1767692307692307,0.1692820512820513,0.076076923076923,0.7547179487179487,285
183,2016-07-02 00:00:00+00:00,0.341492673992674,0.2099192307692307,0.1947692307692307,0.0680384615384615,0.7373846153846154,262
184,2016-07-03 00:00:00+00:00,0.428044733044733,0.2106363636363636,0.1764848484848484,0.0769393939393939,0.7466969696969696,268
185,2016-07-04 00:00:00+00:00,0.3473192239858906,0.3320666666666667,0.1984814814814814,0.0383703703703703,0.7632592592592593,234
186,2016-07-05 00:00:00+00:00,0.2706268601190476,0.189575,0.17046875,0.07175,0.757875,276
187,2016-07-06 00:00:00+00:00,0.3181517352703793,0.0907610169491525,0.1536440677966101,0.0995593220338983,0.7470508474576272,354
188,2016-07-07 00:00:00+00:00,0.3326224982746721,0.182427536231884,0.1747536231884058,0.0773043478260869,0.7481159420289855,408
189,2016-07-08 00:00:00+00:00,0.3236996336996336,0.0745538461538461,0.1443846153846154,0.1016923076923076,0.7540769230769231,326
190,2016-07-09 00:00:00+00:00,0.2044118738404452,-0.0032728571428571,0.1287571428571428,0.1252,0.7461857142857142,335
191,2016-07-10 00:00:00+00:00,0.3044409937888198,0.0741978260869565,0.1409565217391304,0.0978478260869565,0.7615217391304349,291
192,2016-07-11 00:00:00+00:00,0.3529481792717087,0.171535294117647,0.1657647058823529,0.081,0.7533529411764706,222
193,2016-07-12 00:00:00+00:00,0.3422466422466422,0.082651282051282,0.1529230769230769,0.1027179487179487,0.7446410256410256,284
194,2016-07-13 00:00:00+00:00,0.297265873015873,0.0417683333333333,0.1434166666666666,0.10745,0.7494666666666667,287
195,2016-07-14 00:00:00+00:00,0.2751378446115288,0.1096421052631578,0.1520526315789473,0.0884736842105263,0.7596315789473684,227
196,2016-07-15 00:00:00+00:00,0.3115270935960591,0.1909379310344827,0.1678620689655172,0.0634137931034482,0.7689655172413793,272
197,2016-07-16 00:00:00+00:00,0.3415654761904761,0.1238375,0.155925,0.09235,0.75205,273
198,2016-07-17 00:00:00+00:00,0.2907301587301586,0.134068,0.16378,0.09514,0.74126,269
199,2016-07-18 00:00:00+00:00,0.3903532467532467,0.219724,0.1812399999999999,0.07116,0.74772,257
200,2016-07-19 00:00:00+00:00,0.3352669552669552,0.0867378787878788,0.1486363636363636,0.098530303030303,0.7531212121212122,340
201,2016-07-20 00:00:00+00:00,0.3494505494505494,0.0150707692307692,0.135076923076923,0.1129692307692307,0.7522769230769232,335
202,2016-07-21 00:00:00+00:00,0.3044174265450861,0.1009127659574468,0.1458510638297872,0.0931914893617021,0.7612340425531915,231
203,2016-07-22 00:00:00+00:00,0.3303290043290043,0.2788727272727272,0.1741272727272727,0.0509090909090909,0.7750363636363636,238
204,2016-07-23 00:00:00+00:00,0.3886888454011741,0.1338082191780822,0.1534657534246575,0.0850684931506849,0.7617671232876713,286
205,2016-07-24 00:00:00+00:00,0.4528390596745026,0.2443607594936709,0.1708227848101265,0.0591645569620253,0.7701518987341772,235
206,2016-07-25 00:00:00+00:00,0.2930511463844797,0.1069175438596491,0.1441228070175438,0.089859649122807,0.7662456140350877,240
207,2016-07-26 00:00:00+00:00,0.3806854256854257,0.2981242424242424,0.1755454545454545,0.0436060606060606,0.781,282
208,2016-07-27 00:00:00+00:00,0.2055311355311355,0.4498788461538461,0.2497115384615384,0.0172115384615384,0.7331153846153846,244
209,2016-07-28 00:00:00+00:00,0.2364182194616977,0.3534913043478261,0.1872173913043478,0.0226521739130434,0.7902173913043479,192
210,2016-07-29 00:00:00+00:00,0.3630560643060642,0.0750211538461538,0.1356730769230769,0.0991730769230769,0.7654038461538462,250
211,2016-07-30 00:00:00+00:00,0.3264249639249639,0.1408954545454545,0.1536363636363636,0.0828863636363636,0.7636818181818181,225
212,2016-07-31 00:00:00+00:00,0.3632722832722832,0.1336897435897436,0.1554102564102564,0.0854102564102564,0.7594615384615384,271
213,2016-08-01 00:00:00+00:00,0.3313770913770913,0.1714621621621621,0.1629459459459459,0.0715135135135135,0.7657297297297297,265
214,2016-08-02 00:00:00+00:00,0.3785962301587302,0.1823541666666666,0.166875,0.0746875,0.758625,256
215,2016-08-03 00:00:00+00:00,0.3345502645502645,0.2001805555555555,0.1664444444444444,0.0681666666666666,0.7654444444444445,257
216,2016-08-04 00:00:00+00:00,0.3286580086580086,0.0725636363636363,0.1434772727272727,0.1091818181818181,0.7476136363636363,261
217,2016-08-05 00:00:00+00:00,0.3687750172532781,0.1136347826086956,0.1560289855072463,0.0946231884057971,0.7496521739130435,286
218,2016-08-06 00:00:00+00:00,0.3740786749482401,0.1476543478260869,0.1573043478260869,0.0836086956521739,0.7593478260869565,252
219,2016-08-07 00:00:00+00:00,0.5190269151138717,0.2848869565217392,0.1725217391304347,0.0440434782608695,0.7834782608695652,234
220,2016-08-08 00:00:00+00:00,0.4721922077922078,0.238412,0.18584,0.05724,0.7570399999999999,242
221,2016-08-09 00:00:00+00:00,0.390297619047619,0.1647229166666666,0.1647291666666666,0.079875,0.7556666666666666,221
222,2016-08-10 00:00:00+00:00,0.2917724867724868,0.1403861111111111,0.1442083333333333,0.0617916666666666,0.794125,265
223,2016-08-11 00:00:00+00:00,0.3336248785228377,0.1273653061224489,0.1610408163265306,0.0925918367346938,0.7465714285714286,207
224,2016-08-12 00:00:00+00:00,0.5266883116883117,0.4164954545454545,0.1979090909090909,0.0115227272727272,0.7905681818181819,225
225,2016-08-13 00:00:00+00:00,0.4328571428571429,0.3965842105263157,0.2024736842105263,0.0290526315789473,0.7685263157894737,166
226,2016-08-14 00:00:00+00:00,0.3168978354978355,0.316896,0.1814,0.03638,0.78228,214
227,2016-08-15 00:00:00+00:00,0.3288862652499016,0.1102454545454545,0.1322727272727273,0.0846363636363636,0.7830909090909092,205
228,2016-08-16 00:00:00+00:00,0.3401962481962482,0.1312711111111111,0.1506,0.0870888888888889,0.7624888888888889,239
229,2016-08-17 00:00:00+00:00,0.32041280148423,0.2062642857142857,0.1735714285714285,0.0700357142857142,0.7565357142857143,183
230,2016-08-18 00:00:00+00:00,0.3217805383022774,0.1421260869565217,0.1544782608695652,0.0754782608695652,0.7700869565217391,219
231,2016-08-19 00:00:00+00:00,0.4304275996112731,0.1829734693877551,0.1667755102040816,0.0753673469387755,0.758061224489796,276
232,2016-08-20 00:00:00+00:00,0.4173818181818181,0.28688,0.18388,0.04632,0.76992,212
233,2016-08-21 00:00:00+00:00,0.4643939393939394,0.3618,0.1991071428571428,0.0275357142857142,0.7734642857142857,212
234,2016-08-22 00:00:00+00:00,0.3354761904761905,0.2571023809523809,0.1548571428571428,0.0522380952380952,0.7929761904761905,213
235,2016-08-23 00:00:00+00:00,0.3260704692982576,0.2363882797731569,0.2100037807183364,0.0741909262759924,0.7158638941398866,1396
236,2016-08-24 00:00:00+00:00,0.3754978354978355,0.138354,0.16332,0.08734,0.7495999999999999,213
237,2016-08-25 00:00:00+00:00,0.3064182194616977,0.2571086956521739,0.1660434782608695,0.0369565217391304,0.7969999999999999,198
238,2016-08-26 00:00:00+00:00,0.1900793650793651,0.1431033333333333,0.1050666666666666,0.0656666666666666,0.8293,197
239,2016-08-27 00:00:00+00:00,0.5133333333333333,0.3500052631578947,0.1931052631578947,0.0269473684210526,0.7801052631578947,156
240,2016-08-28 00:00:00+00:00,0.3504112554112554,0.22772,0.18045,0.0667,0.753,190
241,2016-08-29 00:00:00+00:00,0.3283744588744588,0.06821,0.1429,0.1009833333333333,0.7564333333333334,231
242,2016-08-30 00:00:00+00:00,0.3396904761904761,0.1785175,0.1602,0.07835,0.7615999999999999,186
243,2016-08-31 00:00:00+00:00,0.2773968253968253,0.1644199999999999,0.1722666666666666,0.0794666666666666,0.7484000000000001,155
244,2016-09-01 00:00:00+00:00,0.4891718426501035,0.2451608695652174,0.1802173913043478,0.0571739130434782,0.7626956521739131,215
245,2016-09-02 00:00:00+00:00,0.2817344249952945,0.2669565217391304,0.1894782608695652,0.0571304347826087,0.7536086956521738,181
246,2016-09-03 00:00:00+00:00,0.2122128851540616,0.2688882352941176,0.1864117647058823,0.0278235294117647,0.7858235294117647,158
247,2016-09-04 00:00:00+00:00,0.2293563988095238,0.26169375,0.173625,0.0416875,0.7848125,171
248,2016-09-05 00:00:00+00:00,0.2475283446712018,0.3879920634920635,0.1768730158730158,0.0154126984126984,0.8077301587301587,260
249,2016-09-06 00:00:00+00:00,0.3191249799583133,0.2812203703703704,0.1681944444444444,0.0441203703703703,0.7878055555555555,316
250,2016-09-07 00:00:00+00:00,0.2446168550064654,0.3397298701298701,0.1752597402597402,0.0346753246753246,0.7901558441558442,277
251,2016-09-08 00:00:00+00:00,0.4493749067024928,0.3281103448275862,0.2041379310344827,0.0452758620689655,0.7506896551724138,186
252,2016-09-09 00:00:00+00:00,0.1796162927981109,0.2794,0.1775909090909091,0.0332272727272727,0.7891818181818183,161
253,2016-09-10 00:00:00+00:00,0.2823658949745906,0.1290065217391304,0.1567173913043478,0.083195652173913,0.7603913043478261,210
254,2016-09-11 00:00:00+00:00,0.281559472273758,0.1039071428571428,0.1517619047619047,0.0871666666666666,0.7613809523809524,224
255,2016-09-12 00:00:00+00:00,0.3582841401023219,0.248560606060606,0.191,0.0619696969696969,0.7471818181818182,217
256,2016-09-13 00:00:00+00:00,0.4016005291005291,0.1879861111111111,0.1601388888888889,0.0738611111111111,0.7661666666666667,266
257,2016-09-14 00:00:00+00:00,0.209090909090909,0.4637090909090908,0.212,0.0,0.7879999999999999,205
258,2016-09-15 00:00:00+00:00,0.2480031406501994,0.2361058823529411,0.1878235294117647,0.0501764705882353,0.762,174
259,2016-09-16 00:00:00+00:00,0.285595238095238,0.1663291666666666,0.151125,0.0585416666666666,0.790375,204
260,2016-09-17 00:00:00+00:00,0.3194372294372294,0.103390909090909,0.1487727272727272,0.0826363636363636,0.7686363636363637,195
261,2016-09-18 00:00:00+00:00,0.2643083900226757,0.0023785714285714,0.1203095238095238,0.1060952380952381,0.7738095238095238,234
262,2016-09-19 00:00:00+00:00,0.3186527293844367,0.0665731707317073,0.1382926829268292,0.0968780487804878,0.765,248
263,2016-09-20 00:00:00+00:00,0.3086002886002886,0.1213969696969697,0.1439545454545454,0.0847121212121212,0.7715606060606061,284
264,2016-09-21 00:00:00+00:00,0.2687043189368771,0.0792976744186046,0.1365581395348837,0.1012558139534883,0.7623720930232557,289
265,2016-09-22 00:00:00+00:00,0.2717229437229437,0.3650366666666667,0.2126333333333333,0.0231833333333333,0.7642000000000001,271
266,2016-09-23 00:00:00+00:00,0.3392536199432751,0.0978793103448275,0.1488275862068965,0.0930344827586206,0.758396551724138,279
267,2016-09-24 00:00:00+00:00,0.2772743922743922,0.0588115384615384,0.1319615384615384,0.1018846153846153,0.7663461538461539,212
268,2016-09-25 00:00:00+00:00,0.3061523661523661,0.0509948717948718,0.1331025641025641,0.0962820512820512,0.7708461538461538,218
269,2016-09-26 00:00:00+00:00,0.2937500917161934,0.0261610169491525,0.1319491525423728,0.1101525423728813,0.7581694915254237,288
270,2016-09-27 00:00:00+00:00,0.3383621933621933,0.1725030303030303,0.1801515151515151,0.0728484848484848,0.7470909090909091,241
271,2016-09-28 00:00:00+00:00,0.3116349721706864,0.0014535714285714,0.125,0.1185357142857142,0.7567321428571429,264
272,2016-09-29 00:00:00+00:00,0.235069362455726,0.1402340909090909,0.1465340909090909,0.0802613636363636,0.7734318181818182,316
273,2016-09-30 00:00:00+00:00,0.1990785405071119,0.2239428571428571,0.1568285714285714,0.0515571428571428,0.7917428571428571,283
274,2016-10-01 00:00:00+00:00,0.3337993487993487,0.1219307692307692,0.1508205128205128,0.0847435897435897,0.7645384615384615,245
275,2016-10-02 00:00:00+00:00,0.2930349206349206,0.0282533333333333,0.1275466666666666,0.1084533333333333,0.7641733333333334,265
276,2016-10-03 00:00:00+00:00,0.3725623582766439,0.0787071428571428,0.1429761904761904,0.0938095238095238,0.7634285714285715,269
277,2016-10-04 00:00:00+00:00,0.2434837092731829,0.263078947368421,0.1572894736842105,0.039,0.8037894736842105,231
278,2016-10-05 00:00:00+00:00,0.2922153209109731,0.0797630434782608,0.145391304347826,0.0954347826086956,0.7594565217391305,235
279,2016-10-06 00:00:00+00:00,0.2925877825877825,0.0052577777777777,0.1233777777777777,0.1085333333333333,0.7683111111111111,242
280,2016-10-07 00:00:00+00:00,0.288474025974026,0.0672666666666666,0.1266666666666666,0.0823333333333333,0.791125,236
281,2016-10-08 00:00:00+00:00,0.3263139329805997,0.219837037037037,0.1688888888888889,0.0711111111111111,0.7601666666666667,248
282,2016-10-09 00:00:00+00:00,0.2951766513056835,-0.0085564516129032,0.1294516129032258,0.1219354838709677,0.7488709677419355,262
283,2016-10-10 00:00:00+00:00,0.2716040100250627,0.0974973684210526,0.1381842105263158,0.0834210526315789,0.778578947368421,212
284,2016-10-11 00:00:00+00:00,0.2203339517625231,0.0977514285714285,0.1419571428571428,0.0830285714285714,0.7752428571428571,309
285,2016-10-12 00:00:00+00:00,0.3197152194211017,0.0335882352941176,0.1295882352941176,0.1105490196078431,0.7600980392156863,268
286,2016-10-13 00:00:00+00:00,0.2873153899240855,0.0034347826086956,0.127231884057971,0.1116376811594203,0.7613913043478261,328
287,2016-10-14 00:00:00+00:00,0.2913464696223317,-0.0624379310344827,0.1116551724137931,0.1223448275862068,0.7662758620689656,248
288,2016-10-15 00:00:00+00:00,0.2983219954648526,-0.0140428571428571,0.1270952380952381,0.1196984126984127,0.7535079365079365,265
289,2016-10-16 00:00:00+00:00,0.3749825783972125,0.2404365853658537,0.1613170731707317,0.0452682926829268,0.7934878048780488,203
290,2016-10-17 00:00:00+00:00,0.1763809523809524,0.24401,0.1873,0.0386,0.77415,209
291,2016-10-18 00:00:00+00:00,0.256984126984127,0.0363933333333333,0.1304444444444444,0.0879333333333333,0.7818222222222223,272
292,2016-10-19 00:00:00+00:00,0.2362732919254658,0.0642086956521739,0.1291304347826087,0.0876521739130434,0.7833913043478261,222
293,2016-10-20 00:00:00+00:00,0.1853255587949465,0.1741244897959183,0.1571428571428571,0.0743265306122449,0.7687142857142858,231
294,2016-10-21 00:00:00+00:00,0.2891469602227178,0.2218365656565656,0.1867494949494949,0.0760363636363636,0.7372484848484848,1149
295,2016-10-22 00:00:00+00:00,0.2883687524596615,0.139375,0.1415227272727272,0.0781818181818181,0.7804090909090909,239
296,2016-10-23 00:00:00+00:00,0.2894603174603174,-0.0184099999999999,0.1255833333333333,0.1219333333333333,0.7528333333333334,260
297,2016-10-24 00:00:00+00:00,0.2899248120300751,-0.0323342105263157,0.1267236842105263,0.1335131578947368,0.7400131578947369,286
298,2016-10-25 00:00:00+00:00,0.2944060737242555,0.0315893939393939,0.1290757575757575,0.1064545454545454,0.7647424242424242,297
299,2016-10-26 00:00:00+00:00,0.2925863095238095,0.06325,0.1387499999999999,0.093525,0.7679625,306
300,2016-10-27 00:00:00+00:00,0.3426062925170067,0.1579857142857143,0.1540357142857142,0.0679464285714285,0.7781428571428571,262
301,2016-10-28 00:00:00+00:00,0.2984567901234567,0.2119851851851852,0.1488888888888889,0.0569629629629629,0.7941481481481482,220
302,2016-10-29 00:00:00+00:00,0.2823047619047619,0.054434,0.13674,0.0981,0.76538,264
303,2016-10-30 00:00:00+00:00,0.3106122448979592,0.13774,0.1534571428571428,0.0793714285714285,0.7673428571428571,204
304,2016-10-31 00:00:00+00:00,0.2922535797535797,0.2257961538461538,0.159,0.0458461538461538,0.7951923076923078,232
305,2016-11-01 00:00:00+00:00,0.4293320105820106,0.0133777777777777,0.1745277777777777,0.1481388888888889,0.6775138888888889,277
306,2016-11-02 00:00:00+00:00,0.3215980596784168,0.0237732142857142,0.1456607142857142,0.1130714285714285,0.7414464285714286,286
307,2016-11-03 00:00:00+00:00,0.3441297136138405,0.1488603174603174,0.1573174603174603,0.0844285714285714,0.7583968253968254,272
308,2016-11-04 00:00:00+00:00,0.2303263653263653,0.1990229729729729,0.1567297297297297,0.0613108108108108,0.7820810810810811,268
309,2016-11-05 00:00:00+00:00,0.3693945868945869,0.1895076923076923,0.1774615384615384,0.0719230769230769,0.7506923076923078,212
310,2016-11-06 00:00:00+00:00,0.2664457671957672,0.2071675,0.1677,0.05975,0.7726,214
311,2016-11-07 00:00:00+00:00,0.3744867724867725,0.259925,0.17105,0.04385,0.78515,204
312,2016-11-08 00:00:00+00:00,0.2348596733379342,0.3472478260869565,0.1830652173913043,0.0306086956521739,0.7863260869565217,190
313,2016-11-09 00:00:00+00:00,0.2446963102608264,0.0831225806451613,0.1391935483870968,0.0929193548387096,0.7679677419354838,263
314,2016-11-10 00:00:00+00:00,0.3778707278707278,0.0824851351351351,0.1524864864864865,0.1145675675675675,0.733081081081081,298
315,2016-11-11 00:00:00+00:00,0.2726058201058201,0.0927388888888888,0.1441666666666666,0.0906388888888889,0.7653611111111112,179
316,2016-11-12 00:00:00+00:00,0.2924062049062049,0.1202458333333333,0.1473541666666666,0.0846458333333333,0.7681666666666667,245
317,2016-11-13 00:00:00+00:00,0.2798783755926613,0.207647619047619,0.1851666666666666,0.0831904761904761,0.7317857142857143,238
318,2016-11-14 00:00:00+00:00,0.3184586466165413,0.2711815789473684,0.1809473684210526,0.0558684210526315,0.7632368421052632,212
319,2016-11-15 00:00:00+00:00,0.4185530630985176,0.2217363636363636,0.1799393939393939,0.0761515151515151,0.744030303030303,169
320,2016-11-16 00:00:00+00:00,0.275461592670895,0.2511604651162791,0.1882093023255814,0.0563488372093023,0.7554651162790698,192
321,2016-11-17 00:00:00+00:00,0.3606525743759786,0.1063425531914893,0.1664255319148936,0.1018297872340425,0.731936170212766,223
322,2016-11-18 00:00:00+00:00,0.3930098831985624,0.1630113207547169,0.1747358490566037,0.0976792452830188,0.7277169811320755,239
323,2016-11-19 00:00:00+00:00,0.3030634920634921,0.2434111111111111,0.1781777777777778,0.0605999999999999,0.7612222222222222,226
324,2016-11-20 00:00:00+00:00,0.35015731292517,0.239325,0.1842142857142857,0.0574464285714285,0.7583928571428571,229
325,2016-11-21 00:00:00+00:00,0.3238611859838274,0.0754509433962264,0.148754716981132,0.0981132075471698,0.7533962264150943,238
326,2016-11-22 00:00:00+00:00,0.3118181818181818,0.148375,0.1606153846153846,0.0794807692307692,0.7600576923076924,255
327,2016-11-23 00:00:00+00:00,0.2859616573902288,0.1519285714285714,0.1558441558441558,0.0752987012987013,0.7690649350649351,223
328,2016-11-24 00:00:00+00:00,0.3326269841269841,0.0888283333333333,0.1523166666666666,0.0912,0.7567333333333334,188
329,2016-11-25 00:00:00+00:00,0.2807270865335381,0.1602247311827957,0.1576021505376344,0.0744731182795699,0.7681290322580644,242
330,2016-11-26 00:00:00+00:00,0.2232826747720364,0.2317085106382978,0.1655531914893617,0.0610212765957446,0.7735744680851063,190
331,2016-11-27 00:00:00+00:00,0.3418711843711843,0.2033833333333333,0.1652692307692307,0.0634358974358974,0.7714871794871795,215
332,2016-11-28 00:00:00+00:00,0.3498716759431045,0.2145493506493506,0.1596883116883116,0.0649480519480519,0.7755064935064935,215
333,2016-11-29 00:00:00+00:00,0.3514592933947772,0.2214508064516129,0.1602499999999999,0.0535241935483871,0.7863709677419355,263
334,2016-11-30 00:00:00+00:00,0.3595358739621034,0.1064180327868852,0.1478852459016393,0.0857377049180328,0.7666229508196721,196
335,2016-12-01 00:00:00+00:00,0.2432108843537414,0.1807428571428571,0.1722857142857143,0.0702,0.7576571428571429,256
336,2016-12-02 00:00:00+00:00,0.3008611955420466,0.1708127659574468,0.1613191489361702,0.0654255319148936,0.773468085106383,241
337,2016-12-03 00:00:00+00:00,0.3716984126984127,0.2516933333333333,0.1722,0.0503666666666666,0.7775666666666667,207
338,2016-12-04 00:00:00+00:00,0.3151896453714635,0.0720472727272727,0.1585090909090909,0.1055272727272727,0.7361818181818183,198
339,2016-12-05 00:00:00+00:00,0.2339768339768339,0.0647378378378378,0.1282027027027027,0.0935675675675675,0.7783513513513514,232
340,2016-12-06 00:00:00+00:00,0.3065452847805789,0.0564156862745098,0.1361176470588235,0.092078431372549,0.7720392156862745,210
341,2016-12-07 00:00:00+00:00,0.3302380952380952,0.0654652173913043,0.1565217391304348,0.1029347826086956,0.7407826086956522,182
342,2016-12-08 00:00:00+00:00,0.2805888030888031,0.0807918918918919,0.1331891891891891,0.0845675675675675,0.7824324324324324,178
343,2016-12-09 00:00:00+00:00,0.2237662337662337,0.2964272727272727,0.1693939393939394,0.0362424242424242,0.7944545454545454,169
344,2016-12-10 00:00:00+00:00,0.3270443349753695,0.2883379310344828,0.1822068965517241,0.0367586206896551,0.7810344827586206,141
345,2016-12-11 00:00:00+00:00,0.2461834733893557,0.1115882352941176,0.1359411764705882,0.0757941176470588,0.7884411764705882,175
346,2016-12-12 00:00:00+00:00,0.2599015873015873,0.2357706666666666,0.1692133333333333,0.05556,0.7754,216
347,2016-12-13 00:00:00+00:00,0.2451569858712715,0.401232967032967,0.1861868131868132,0.0107032967032967,0.8031208791208791,209
348,2016-12-14 00:00:00+00:00,0.2883827871907342,0.3015841059602649,0.1638211920529801,0.0397417218543046,0.7965099337748344,337
349,2016-12-15 00:00:00+00:00,0.2031534391534391,0.3036766666666666,0.1593888888888888,0.0374222222222222,0.8032777777777778,359
350,2016-12-16 00:00:00+00:00,0.0990431213807837,0.3522376623376623,0.1687922077922078,0.0286233766233766,0.8026103896103897,207
351,2016-12-17 00:00:00+00:00,0.3391406695705114,0.2010958650045606,0.2117743995135299,0.0923058680449984,0.6959151717847369,6831
352,2016-12-18 00:00:00+00:00,0.3402156087945929,0.1901283567774936,0.2097752557544757,0.0907557544757033,0.6994734654731458,12000
353,2016-12-19 00:00:00+00:00,0.3300226139429137,0.1803479345462867,0.2029974825494907,0.0908823664034786,0.7061220963496968,16143
354,2016-12-20 00:00:00+00:00,0.3372314507198228,0.1181511627906976,0.1724651162790697,0.0874186046511628,0.7403953488372093,214
355,2016-12-21 00:00:00+00:00,0.2786357786357786,0.1461662162162162,0.1714324324324324,0.0815675675675675,0.7471756756756757,268
356,2016-12-22 00:00:00+00:00,0.3119336219336219,0.0378893939393939,0.1384848484848485,0.1066515151515151,0.7551363636363636,276
357,2016-12-23 00:00:00+00:00,0.3202709573412698,0.10929375,0.152421875,0.0835625,0.764234375,250
358,2016-12-24 00:00:00+00:00,0.3039285714285714,0.0555515151515151,0.1407121212121212,0.0993484848484848,0.7601818181818182,263
359,2016-12-25 00:00:00+00:00,0.2910871518418688,0.0175924528301886,0.144377358490566,0.1193207547169811,0.7366415094339623,243
360,2016-12-26 00:00:00+00:00,0.310590402505296,0.089163829787234,0.1592340425531914,0.0921063829787234,0.7489148936170212,219
361,2016-12-27 00:00:00+00:00,0.2799487643158529,0.1080949367088607,0.160253164556962,0.0963164556962025,0.7436582278481013,277
362,2016-12-28 00:00:00+00:00,0.2941884891065219,0.0595622950819672,0.137983606557377,0.1021311475409836,0.7601475409836066,285
363,2016-12-29 00:00:00+00:00,0.4298167903525046,0.2470107142857143,0.2043035714285714,0.0664464285714285,0.729375,228
364,2016-12-30 00:00:00+00:00,0.3345674044265593,0.0796070422535211,0.1446197183098591,0.0957746478873239,0.7598591549295775,268
365,2016-12-31 00:00:00+00:00,0.3150921459492888,0.0592485714285714,0.1398571428571428,0.0962857142857143,0.7641142857142857,223
366,2017-01-01 00:00:00+00:00,0.3597048175995544,0.2138298245614035,0.1975438596491228,0.076,0.7265263157894737,310
367,2017-01-02 00:00:00+00:00,0.324301012773235,0.1259138888888888,0.1734027777777777,0.0932222222222222,0.7335277777777778,310
368,2017-01-03 00:00:00+00:00,0.3190275409214803,0.0589727272727272,0.1474393939393939,0.1042878787878787,0.748439393939394,330
369,2017-01-04 00:00:00+00:00,0.3144977302789802,0.1413359375,0.1591875,0.0839375,0.757015625,310
370,2017-01-05 00:00:00+00:00,0.288196327048786,0.0837311475409836,0.1432131147540983,0.0900491803278688,0.7668196721311475,325
371,2017-01-06 00:00:00+00:00,0.2888897239591684,0.0961652777777777,0.1502361111111111,0.0894166666666666,0.7605277777777778,307
372,2017-01-07 00:00:00+00:00,0.2882943624780359,0.1382122448979592,0.2000204081632653,0.0855918367346938,0.714530612244898,249
373,2017-01-08 00:00:00+00:00,0.3299408369408369,0.2432833333333333,0.2032333333333333,0.0491333333333333,0.7477,235
374,2017-01-09 00:00:00+00:00,0.2923048941798941,0.0419013888888888,0.1445138888888889,0.1054583333333333,0.7503055555555556,280
375,2017-01-10 00:00:00+00:00,0.2886322011322011,0.204876923076923,0.1799615384615384,0.055,0.7650769230769231,193
376,2017-01-11 00:00:00+00:00,0.3443944099378882,0.0295173913043478,0.1435869565217391,0.1062173913043478,0.7504782608695652,217
377,2017-01-12 00:00:00+00:00,0.3591363211951446,0.1270196078431372,0.1490196078431372,0.0755098039215686,0.7756666666666666,216
378,2017-01-13 00:00:00+00:00,0.2828707240471946,0.0996764705882353,0.1527058823529412,0.0912745098039215,0.7561960784313726,246
379,2017-01-14 00:00:00+00:00,0.3038423848878394,0.0972636363636363,0.1542909090909091,0.0991636363636363,0.7467272727272727,243
380,2017-01-15 00:00:00+00:00,0.3586129426129426,0.0373923076923076,0.1402615384615384,0.1124307692307692,0.7475846153846154,283
381,2017-01-16 00:00:00+00:00,0.3082654553049289,0.0279657894736842,0.1470263157894736,0.1181578947368421,0.7351184210526316,259
382,2017-01-17 00:00:00+00:00,0.3034984539270253,0.0715471428571428,0.1450428571428571,0.0978428571428571,0.7573857142857143,265
383,2017-01-18 00:00:00+00:00,0.3132444132444132,0.2162486486486486,0.1639459459459459,0.0487297297297297,0.7873783783783783,187
384,2017-01-19 00:00:00+00:00,0.3366103896103896,0.1107444444444444,0.1552888888888888,0.0821777777777777,0.7627777777777779,208
385,2017-01-20 00:00:00+00:00,0.3263223443223442,0.0205307692307692,0.1389230769230769,0.1149846153846154,0.7463538461538461,219
386,2017-01-21 00:00:00+00:00,0.299412915851272,0.0090876712328767,0.1298356164383561,0.1051369863013698,0.7653013698630137,194
387,2017-01-22 00:00:00+00:00,0.2177631416202844,0.17354,0.1674,0.0510571428571428,0.7817142857142857,183
388,2017-01-23 00:00:00+00:00,0.2681219336219336,0.1726866666666666,0.164,0.0632333333333333,0.7729,156
389,2017-01-24 00:00:00+00:00,0.2883673469387755,0.2383857142857142,0.1908214285714285,0.0631785714285714,0.746107142857143,148
390,2017-01-25 00:00:00+00:00,0.2350537117203783,0.2227611111111111,0.157074074074074,0.0592037037037037,0.7837962962962963,212
391,2017-01-26 00:00:00+00:00,0.317775974025974,0.12034375,0.15740625,0.08384375,0.75878125,191
392,2017-01-27 00:00:00+00:00,0.3166336295283664,0.1516842105263157,0.1562105263157894,0.0683157894736842,0.7755263157894736,150
393,2017-01-28 00:00:00+00:00,0.1889285714285714,0.1125541666666666,0.1512916666666666,0.07325,0.7755000000000001,118
394,2017-01-29 00:00:00+00:00,0.2847162837162837,0.3996046153846154,0.2272461538461538,0.038276923076923,0.7345692307692308,189
395,2017-01-30 00:00:00+00:00,0.3126610644257703,0.0580691176470588,0.1458529411764705,0.1051029411764706,0.7492941176470588,233
396,2017-01-31 00:00:00+00:00,0.305970630676513,0.1076372549019608,0.1463529411764706,0.0819803921568627,0.7718823529411765,206
397,2017-02-01 00:00:00+00:00,0.2745073180787466,0.1200619047619047,0.1466904761904762,0.0757619047619047,0.7776666666666666,191
398,2017-02-02 00:00:00+00:00,0.2919470899470899,0.0936933333333333,0.1565111111111111,0.0890888888888889,0.7546222222222222,246
399,2017-02-03 00:00:00+00:00,0.306807040276428,0.0777918367346938,0.1505306122448979,0.0942857142857142,0.7552448979591836,189
400,2017-02-04 00:00:00+00:00,0.3536802950136283,0.0784016666666666,0.1513166666666666,0.0954666666666666,0.7534666666666666,212
401,2017-02-05 00:00:00+00:00,0.2657835497835498,0.1035854545454545,0.149290909090909,0.0856181818181818,0.7652363636363636,193
402,2017-02-06 00:00:00+00:00,0.2555148423005565,0.0739821428571428,0.1420535714285714,0.0857857142857142,0.7724107142857143,192
403,2017-02-07 00:00:00+00:00,0.2048809523809523,0.1593593220338983,0.1602372881355932,0.0727118644067796,0.7672033898305085,190
404,2017-02-08 00:00:00+00:00,0.2717114222582972,-7.500000000000215e-05,0.134515625,0.111734375,0.75403125,217
405,2017-02-09 00:00:00+00:00,0.3279640561458743,0.0648199999999999,0.1495090909090909,0.0943818181818181,0.7563272727272727,200
406,2017-02-10 00:00:00+00:00,0.2639918745275888,0.0778660714285714,0.1528392857142857,0.097375,0.7499821428571429,192
407,2017-02-11 00:00:00+00:00,0.3102941284538507,0.0273527777777777,0.140875,0.1117083333333333,0.7476666666666667,215
408,2017-02-12 00:00:00+00:00,0.3013361929800285,-0.0112972602739726,0.1295753424657534,0.1132876712328767,0.7573561643835617,224
409,2017-02-13 00:00:00+00:00,0.3866251970765859,0.0904805555555555,0.1355555555555555,0.0873888888888888,0.7770277777777778,167
410,2017-02-14 00:00:00+00:00,0.3016066341066341,0.0145865384615384,0.1375961538461538,0.1102884615384615,0.7524230769230769,203
411,2017-02-15 00:00:00+00:00,0.296919731817691,0.1042571428571428,0.1502448979591836,0.0876326530612245,0.7623877551020408,164
412,2017-02-16 00:00:00+00:00,0.3463526609183243,0.2527062304169679,0.2194504699927693,0.0669154013015184,0.7136366594360086,16224
413,2017-02-17 00:00:00+00:00,0.3219048940974214,0.2640446075038072,0.2238162813235497,0.0636844801329087,0.7125072684480133,14734
414,2017-02-18 00:00:00+00:00,0.3188023809523809,0.0863879999999999,0.1512,0.08826,0.76078,198
415,2017-02-19 00:00:00+00:00,0.2928244113609967,0.1498609756097561,0.1642926829268292,0.0885609756097561,0.7473658536585366,172
416,2017-02-20 00:00:00+00:00,0.1964285714285714,0.2143447368421052,0.1668421052631579,0.0798157894736842,0.7533947368421052,142
417,2017-02-21 00:00:00+00:00,0.341075591075591,0.0406320512820512,0.1327307692307692,0.095525641025641,0.771948717948718,257
418,2017-02-22 00:00:00+00:00,0.3023901098901099,0.0727743589743589,0.1438076923076923,0.0892307692307692,0.7671410256410257,266
419,2017-02-23 00:00:00+00:00,0.3118349206349206,0.101292,0.1503199999999999,0.0860933333333333,0.7637999999999999,253
420,2017-02-24 00:00:00+00:00,0.2643016167505963,0.1298897959183673,0.1665816326530612,0.0895204081632653,0.7441836734693879,272
421,2017-02-25 00:00:00+00:00,0.3408225108225108,0.1174136363636363,0.1482424242424242,0.095,0.757,203
422,2017-02-26 00:00:00+00:00,0.35698667998668,0.0336338461538461,0.1398307692307692,0.1137692307692307,0.7466307692307692,248
423,2017-02-27 00:00:00+00:00,0.3429792207792207,0.195716,0.17004,0.063,0.76708,188
424,2017-02-28 00:00:00+00:00,0.3596366341991341,0.350946875,0.2015499999999999,0.03451875,0.76399375,300
425,2017-03-01 00:00:00+00:00,0.3483114210891988,0.1361283950617284,0.1586666666666666,0.099716049382716,0.7418024691358025,238
426,2017-03-02 00:00:00+00:00,0.3300190878038979,0.0899556962025316,0.1547215189873417,0.0921392405063291,0.7533670886075949,252
427,2017-03-03 00:00:00+00:00,0.2895502645502645,0.0558597222222222,0.1463194444444444,0.1031388888888888,0.7508055555555555,226
428,2017-03-04 00:00:00+00:00,0.2406076122205154,0.0155623655913978,0.098247311827957,0.1082150537634408,0.793752688172043,232
429,2017-03-05 00:00:00+00:00,0.3577073301230604,0.1295449438202247,0.160752808988764,0.1008988764044943,0.7385842696629212,233
430,2017-03-06 00:00:00+00:00,0.32117742987606,0.1120369863013698,0.1541506849315068,0.0845068493150685,0.7615205479452055,236
431,2017-03-07 00:00:00+00:00,0.2789678742310321,0.1661934210526315,0.1634342105263158,0.069578947368421,0.7671447368421053,225
432,2017-03-08 00:00:00+00:00,0.249908415956803,0.1938698924731182,0.1699139784946236,0.0918709677419354,0.7383655913978495,261
433,2017-03-09 00:00:00+00:00,0.3108141178549342,0.109369387755102,0.158469387755102,0.0864081632653061,0.7553469387755102,186
434,2017-03-10 00:00:00+00:00,0.3666595945308816,0.1112702970297029,0.1481485148514851,0.1031881188118812,0.7488415841584158,323
435,2017-03-11 00:00:00+00:00,0.3115367359064838,0.186327731092437,0.1624117647058823,0.0750924369747899,0.7626302521008403,259
436,2017-03-12 00:00:00+00:00,0.3470441483803552,0.3482427586206897,0.1850275862068965,0.0348275862068965,0.7802,268
437,2017-03-13 00:00:00+00:00,0.2351678876678876,0.0273871794871794,0.0976794871794871,0.1028717948717948,0.7995897435897437,217
438,2017-03-14 00:00:00+00:00,0.3985865800865801,0.1725625,0.173875,0.094525,0.7318374999999999,217
439,2017-03-15 00:00:00+00:00,0.2637078373015872,0.013709375,0.1074895833333333,0.1130520833333333,0.7797291666666667,227
440,2017-03-16 00:00:00+00:00,0.4154613651188993,0.1746328767123287,0.1630136986301369,0.0916164383561643,0.7455890410958904,239
441,2017-03-17 00:00:00+00:00,0.4366788766788766,0.0774782051282051,0.1109230769230769,0.0942564102564102,0.7949358974358974,178
442,2017-03-18 00:00:00+00:00,0.4025531462585033,0.2021589285714285,0.1778035714285714,0.1011428571428571,0.7211428571428572,155
443,2017-03-19 00:00:00+00:00,0.217289766970618,0.0706531914893617,0.0929361702127659,0.0924893617021276,0.8146595744680851,159
444,2017-03-20 00:00:00+00:00,0.2878803141303141,0.0996384615384615,0.1252307692307692,0.1024743589743589,0.7724487179487179,233
445,2017-03-21 00:00:00+00:00,0.2568387837062535,0.0958879518072289,0.1321204819277108,0.1036746987951807,0.7643855421686747,248
446,2017-03-22 00:00:00+00:00,0.181704931972789,-0.0373285714285714,0.0746428571428571,0.1239642857142857,0.8015178571428571,189
447,2017-03-23 00:00:00+00:00,0.320351966873706,0.0375710144927536,0.1293333333333333,0.1125217391304347,0.7583623188405797,178
448,2017-03-24 00:00:00+00:00,0.2890719855193539,0.0767381578947368,0.1253026315789473,0.092328947368421,0.7825263157894737,207
449,2017-03-25 00:00:00+00:00,0.3157585825027685,0.1490255813953488,0.1395116279069767,0.0803255813953488,0.7803023255813953,148
450,2017-03-26 00:00:00+00:00,0.2820952613694549,0.11745,0.1570483870967741,0.093774193548387,0.7493387096774194,164
451,2017-03-27 00:00:00+00:00,0.3291279403327596,0.0895807228915662,0.1294819277108433,0.0926265060240963,0.7780843373493976,214
452,2017-03-28 00:00:00+00:00,0.3523959713755632,0.112438775510204,0.1442653061224489,0.0786122448979591,0.7772653061224489,157
453,2017-03-29 00:00:00+00:00,0.4033661740558292,0.2679586206896552,0.2201379310344827,0.0481379310344827,0.7317586206896551,114
454,2017-03-30 00:00:00+00:00,0.2960776942355889,0.1775078947368421,0.1656842105263158,0.0645263157894736,0.7698684210526315,179
455,2017-03-31 00:00:00+00:00,0.2991690009337068,0.0504882352941176,0.1381960784313725,0.0971960784313725,0.7649019607843137,183
456,2017-04-01 00:00:00+00:00,0.3520461309523809,0.0161421875,0.14028125,0.117875,0.742140625,188
457,2017-04-02 00:00:00+00:00,0.3278523809523809,0.053826,0.15082,0.1118,0.7376600000000001,197
458,2017-04-03 00:00:00+00:00,0.3247819464486131,0.0716555555555555,0.1443333333333333,0.096537037037037,0.7593518518518519,184
459,2017-04-04 00:00:00+00:00,0.3062043616760597,0.0458849056603773,0.1288679245283019,0.0980377358490566,0.773320754716981,170
460,2017-04-05 00:00:00+00:00,0.281223316912972,0.0031706896551724,0.1330689655172413,0.1170689655172413,0.7501034482758621,169
461,2017-04-06 00:00:00+00:00,0.3066071428571428,0.235085,0.174,0.058075,0.7681,154
462,2017-04-07 00:00:00+00:00,0.3602534562211981,0.0800290322580645,0.1431290322580645,0.0968225806451612,0.7602903225806451,201
463,2017-04-08 00:00:00+00:00,0.284079365079365,0.1557725,0.1702,0.075975,0.75395,153
464,2017-04-09 00:00:00+00:00,0.3391898577612863,0.3254324675324675,0.1767272727272727,0.0318961038961038,0.7914155844155845,179
465,2017-04-10 00:00:00+00:00,0.3418194444444444,0.3744377777777778,0.1820166666666666,0.0186,0.7994166666666668,328
466,2017-04-11 00:00:00+00:00,0.3363882669055082,0.2635971264367816,0.1673390804597701,0.0481494252873563,0.7846264367816093,318
467,2017-04-12 00:00:00+00:00,0.3389054726368158,0.0203611940298507,0.1337462686567164,0.112955223880597,0.7535970149253731,203
468,2017-04-13 00:00:00+00:00,0.2850036562536562,0.0224824324324324,0.1361351351351351,0.1096621621621621,0.7544864864864865,222
469,2017-04-14 00:00:00+00:00,0.3117296918767507,0.0182558823529411,0.1291470588235294,0.10825,0.7629264705882353,226
470,2017-04-15 00:00:00+00:00,0.3103438699665114,0.0627830188679245,0.1467169811320754,0.1033207547169811,0.7502452830188678,186
471,2017-04-16 00:00:00+00:00,0.3502508854781582,0.069530303030303,0.144090909090909,0.1010757575757575,0.7551666666666667,229
472,2017-04-17 00:00:00+00:00,0.3642528705862039,0.2216695726495726,0.2087999999999999,0.0832153846153846,0.7080051282051282,1258
473,2017-04-18 00:00:00+00:00,0.3153124411820063,0.0668579710144927,0.1439565217391304,0.0993043478260869,0.7570289855072464,191
474,2017-04-19 00:00:00+00:00,0.3133682539682539,0.067168,0.1386666666666666,0.10092,0.7606533333333333,211
475,2017-04-20 00:00:00+00:00,0.3614773489421377,0.1015309859154929,0.141281690140845,0.0840985915492957,0.7748732394366197,198
476,2017-04-21 00:00:00+00:00,0.2975146422205246,0.2314823529411764,0.1701764705882353,0.0470294117647058,0.7828823529411765,127
477,2017-04-22 00:00:00+00:00,0.3287538144915193,0.0201409836065573,0.1382950819672131,0.113327868852459,0.748688524590164,192
478,2017-04-23 00:00:00+00:00,0.3581564776686727,0.1069463414634146,0.1498292682926829,0.0932682926829268,0.7571463414634146,158
479,2017-04-24 00:00:00+00:00,0.3334098639455782,0.0387160714285714,0.1358214285714285,0.1072321428571428,0.75725,169
480,2017-04-25 00:00:00+00:00,0.3048288004266265,0.129927536231884,0.1400869565217391,0.0760869565217391,0.7840144927536232,228
481,2017-04-26 00:00:00+00:00,0.3004184704184703,0.0972409090909091,0.1403787878787878,0.0833484848484848,0.7765000000000001,235
482,2017-04-27 00:00:00+00:00,0.245556758056758,0.1665252525252525,0.1574444444444444,0.0794646464646464,0.7632828282828282,269
483,2017-04-28 00:00:00+00:00,0.3700324063883385,0.1407881355932203,0.1534237288135593,0.0849491525423728,0.7618474576271186,174
484,2017-04-29 00:00:00+00:00,0.3235044642857143,0.0435546875,0.13484375,0.109703125,0.7556875,171
485,2017-04-30 00:00:00+00:00,0.3646359113523292,0.1802940298507462,0.1589850746268656,0.0684477611940298,0.7727014925373135,196
486,2017-05-01 00:00:00+00:00,0.3272290227502993,0.1937340425531915,0.1650851063829787,0.0726489361702127,0.7624574468085107,255
487,2017-05-02 00:00:00+00:00,0.3306457431457431,0.1071621212121212,0.1537121212121212,0.0891212121212121,0.7573787878787879,216
488,2017-05-03 00:00:00+00:00,0.3194576719576719,0.1143541666666666,0.1510555555555555,0.0908472222222222,0.7583194444444444,269
489,2017-05-04 00:00:00+00:00,0.3749547619047619,0.205745,0.16662,0.06295,0.77054,287
490,2017-05-05 00:00:00+00:00,0.3252680776014109,0.1172088888888888,0.1394222222222222,0.0751111111111111,0.7856,200
491,2017-05-06 00:00:00+00:00,0.3087136672850958,0.0833584415584415,0.1432337662337662,0.0953116883116883,0.7617142857142857,245
492,2017-05-07 00:00:00+00:00,0.3148427729677729,0.0793208333333333,0.1504166666666666,0.095625,0.7541805555555556,233
493,2017-05-08 00:00:00+00:00,0.3511603065883887,0.2035383561643835,0.1584794520547945,0.055958904109589,0.7857260273972603,238
494,2017-05-09 00:00:00+00:00,0.3676758457591791,0.1912477777777777,0.1592222222222222,0.0612333333333333,0.7797111111111111,265
495,2017-05-10 00:00:00+00:00,0.289664101330768,0.058890909090909,0.1384545454545454,0.095090909090909,0.7666060606060605,150
496,2017-05-11 00:00:00+00:00,0.3656946803196803,0.2148884615384615,0.1612153846153846,0.0601923076923076,0.778776923076923,318
497,2017-05-12 00:00:00+00:00,0.3188815000260783,0.1026746987951807,0.1527108433734939,0.0982530120481927,0.7492530120481928,243
498,2017-05-13 00:00:00+00:00,0.3193472906403941,0.2362827586206896,0.1636551724137931,0.060919540229885,0.7755172413793103,231
499,2017-05-14 00:00:00+00:00,0.3032924045651318,0.2073718181818181,0.1541454545454545,0.0627090909090909,0.7832727272727272,327
500,2017-05-15 00:00:00+00:00,0.2882786357786358,0.1040378378378378,0.1496756756756757,0.0932027027027027,0.7573243243243244,272
501,2017-05-16 00:00:00+00:00,0.3726632938681131,0.1624626506024096,0.157144578313253,0.0816144578313253,0.761421686746988,230
502,2017-05-17 00:00:00+00:00,0.3449097569097569,0.1892384615384615,0.1519538461538461,0.0577538461538461,0.7904769230769231,205
503,2017-05-18 00:00:00+00:00,0.376739711269123,0.2180317647058823,0.1570117647058823,0.0577882352941176,0.7852941176470588,237
504,2017-05-19 00:00:00+00:00,0.4118864060775826,0.158535294117647,0.1593382352941176,0.0769264705882352,0.7638823529411765,245
505,2017-05-20 00:00:00+00:00,0.3317139733119114,0.1790536082474227,0.1571958762886597,0.0708659793814433,0.7721237113402062,296
506,2017-05-21 00:00:00+00:00,0.3898780487804878,0.2689670731707317,0.1837195121951219,0.0510365853658536,0.765390243902439,277
507,2017-05-22 00:00:00+00:00,0.3465847370694309,0.2251683673469388,0.1737142857142857,0.0627142857142857,0.7637040816326531,297
508,2017-05-23 00:00:00+00:00,0.2857855071221407,0.1745554455445544,0.1623960396039604,0.0751980198019802,0.7626039603960396,302
509,2017-05-24 00:00:00+00:00,0.3365831090831091,0.2159288288288288,0.1662342342342342,0.0786576576576576,0.7552162162162162,364
510,2017-05-25 00:00:00+00:00,0.297297895902547,0.135653488372093,0.1490465116279069,0.0826744186046511,0.7684302325581395,308
511,2017-05-26 00:00:00+00:00,0.3203011925181736,0.1524283018867924,0.1581792452830188,0.0779811320754716,0.7640094339622642,353
512,2017-05-27 00:00:00+00:00,0.3646187939045082,0.1470703296703296,0.1486373626373626,0.0788791208791208,0.7726813186813187,321
513,2017-05-28 00:00:00+00:00,0.3662395382395382,0.1506233333333333,0.1462111111111111,0.0760222222222222,0.7778999999999999,302
514,2017-05-29 00:00:00+00:00,0.3718366883116883,0.173741,0.15705,0.0736,0.76956,307
515,2017-05-30 00:00:00+00:00,0.3396086480569238,0.1428229885057471,0.1537126436781609,0.0795977011494253,0.7668850574712643,296
516,2017-05-31 00:00:00+00:00,0.3573646444879321,0.1725657534246575,0.1510684931506849,0.0641643835616438,0.7848904109589041,283
517,2017-06-01 00:00:00+00:00,0.3678357753357754,0.2664461538461538,0.1950384615384615,0.0564230769230769,0.7485769230769231,245
518,2017-06-02 00:00:00+00:00,0.4104704184704185,0.2512783333333333,0.1725,0.0509333333333333,0.7767000000000001,224
519,2017-06-03 00:00:00+00:00,0.3373560767590618,0.1411731343283582,0.1530895522388059,0.0808358208955224,0.766223880597015,227
520,2017-06-04 00:00:00+00:00,0.3346645021645021,0.162164,0.15264,0.07094,0.77658,181
521,2017-06-05 00:00:00+00:00,0.3300548552754435,0.0692823529411764,0.15025,0.0978823529411764,0.7521470588235294,229
522,2017-06-06 00:00:00+00:00,0.2788115751351045,0.1254901960784313,0.1456274509803921,0.0719019607843137,0.7826078431372548,305
523,2017-06-07 00:00:00+00:00,0.3059978598180845,0.2615747191011236,0.1562977528089887,0.0377247191011235,0.8060337078651685,348
524,2017-06-08 00:00:00+00:00,0.2779902713773681,0.1942532258064516,0.1617903225806451,0.0542096774193548,0.7841612903225806,241
525,2017-06-09 00:00:00+00:00,0.2882362586908041,0.0762530303030303,0.1439848484848485,0.0924848484848484,0.7637575757575757,248
526,2017-06-10 00:00:00+00:00,0.3225701239399869,0.0416575342465753,0.1206712328767123,0.0902054794520547,0.7893287671232877,246
527,2017-06-11 00:00:00+00:00,0.369342341160523,0.1223252525252525,0.1492929292929292,0.0949494949494949,0.755929292929293,287
528,2017-06-12 00:00:00+00:00,0.344065734989648,0.0703358695652174,0.1440108695652174,0.0929673913043478,0.7632065217391305,306
529,2017-06-13 00:00:00+00:00,0.3062646972369194,0.1019814814814814,0.1376851851851852,0.0770555555555555,0.7854259259259259,184
530,2017-06-14 00:00:00+00:00,0.3734211930072333,0.1258288849868305,0.1800943810359964,0.1069539069359086,0.7129438103599649,4033
531,2017-06-15 00:00:00+00:00,0.3762612187976646,0.1702636702877519,0.1930863255659673,0.0981305249191475,0.7087855543577412,22225
532,2017-06-16 00:00:00+00:00,0.363794460899724,0.1265859649122807,0.1691754385964912,0.091938596491228,0.7390701754385965,301
533,2017-06-17 00:00:00+00:00,0.4290824282929546,0.3162543859649122,0.2100701754385965,0.0614473684210526,0.7285701754385965,250
534,2017-06-18 00:00:00+00:00,0.3426984126984126,-0.02809625,0.1034375,0.1092125,0.7875625,229
535,2017-06-19 00:00:00+00:00,0.4266960420531849,0.1513369047619047,0.1273571428571428,0.0698571428571428,0.8029166666666666,243
536,2017-06-20 00:00:00+00:00,0.3026841466614193,-0.0206068181818181,0.1039545454545454,0.1081704545454545,0.7880681818181817,260
537,2017-06-21 00:00:00+00:00,0.3549946248196248,0.066022,0.1316,0.0974,0.77119,301
538,2017-06-22 00:00:00+00:00,0.2712854165235117,0.0375301587301587,0.1279047619047619,0.0973492063492063,0.774952380952381,244
539,2017-06-23 00:00:00+00:00,0.3625759018759018,-0.1436127999999999,0.075312,0.130672,0.79416,309
540,2017-06-24 00:00:00+00:00,0.3180259279727364,-0.1372414893617021,0.0778297872340425,0.1271170212765957,0.7952127659574468,228
541,2017-06-25 00:00:00+00:00,0.3638201058201058,-0.046076,0.1056,0.116,0.7785066666666667,244
542,2017-06-26 00:00:00+00:00,0.3819047619047619,-0.0504125,0.1108295454545454,0.12525,0.764090909090909,317
543,2017-06-27 00:00:00+00:00,0.3143973214285714,0.03908,0.1330125,0.103325,0.7638499999999999,327
544,2017-06-28 00:00:00+00:00,0.3411609355005581,0.1612968553459119,0.1433522012578616,0.0662201257861635,0.790559748427673,406
545,2017-06-29 00:00:00+00:00,0.3271343505602764,0.0195638888888888,0.117037037037037,0.0970462962962963,0.7860185185185186,300
546,2017-06-30 00:00:00+00:00,0.2741175324675324,0.006016,0.12048,0.0965,0.7831199999999999,207
547,2017-07-01 00:00:00+00:00,0.3304050962587547,0.0049768292682926,0.1379146341463414,0.1216829268292682,0.740609756097561,293
548,2017-07-02 00:00:00+00:00,0.2782384282384282,-0.0724076923076923,0.0918615384615384,0.1033076923076923,0.8049384615384615,254
549,2017-07-03 00:00:00+00:00,0.4125390297533154,0.1937638095238095,0.1368952380952381,0.0675523809523809,0.7956380952380953,301
550,2017-07-04 00:00:00+00:00,0.2286729041567751,0.1348258064516129,0.1467096774193548,0.0793225806451612,0.7740483870967741,230
551,2017-07-05 00:00:00+00:00,0.2761084207694377,-0.0344915254237288,0.1042372881355932,0.1089152542372881,0.7869661016949152,234
552,2017-07-06 00:00:00+00:00,0.317281746031746,0.0892546511627907,0.1452558139534883,0.0941279069767442,0.7608023255813954,292
553,2017-07-07 00:00:00+00:00,0.274855254484884,-0.002979012345679,0.1187654320987654,0.1076049382716049,0.7739012345679013,322
554,2017-07-08 00:00:00+00:00,0.2784007936507936,-0.0236087499999999,0.113825,0.11585,0.7705625,325
555,2017-07-09 00:00:00+00:00,0.2662215143347218,0.0093358490566037,0.1129245283018868,0.1012830188679245,0.7859622641509434,239
556,2017-07-10 00:00:00+00:00,0.2854736709498614,0.0516285714285714,0.1302380952380952,0.1035396825396825,0.7663174603174603,281
557,2017-07-11 00:00:00+00:00,0.3102376547870734,-0.034503488372093,0.0961511627906976,0.1090348837209302,0.7949418604651162,331
558,2017-07-12 00:00:00+00:00,0.3063855360325948,-0.0537447058823529,0.0930705882352941,0.1102823529411764,0.7967529411764707,326
559,2017-07-13 00:00:00+00:00,0.4311989538239538,0.24433,0.1426,0.054275,0.8031750000000001,262
560,2017-07-14 00:00:00+00:00,0.2926267779839208,0.0668178571428571,0.12725,0.0900357142857142,0.7828095238095238,310
561,2017-07-15 00:00:00+00:00,0.2952255357810913,-0.0200833333333333,0.1167916666666666,0.1191944444444444,0.7642638888888889,296
562,2017-07-16 00:00:00+00:00,0.2820172447579854,-0.0113753086419753,0.119074074074074,0.1136296296296296,0.7674691358024691,324
563,2017-07-17 00:00:00+00:00,0.3173713323713323,0.0030616161616161,0.1225959595959596,0.1123939393939394,0.7651616161616163,355
564,2017-07-18 00:00:00+00:00,0.2870825533325533,0.0211756756756756,0.1195675675675675,0.1041486486486486,0.776445945945946,289
565,2017-07-19 00:00:00+00:00,0.3077701263789973,0.0532758064516129,0.141258064516129,0.1070645161290322,0.7518709677419355,259
566,2017-07-20 00:00:00+00:00,0.3500467406989145,0.0058634782608695,0.1195043478260869,0.1098347826086956,0.7708347826086956,394
567,2017-07-21 00:00:00+00:00,0.3616339736652236,-0.0295854166666666,0.1019895833333333,0.1090208333333333,0.7891666666666667,331
568,2017-07-22 00:00:00+00:00,0.3217544492544492,0.0269270833333333,0.1286458333333333,0.1077291666666666,0.7638020833333333,349
569,2017-07-23 00:00:00+00:00,0.3059342554464505,-0.0502743902439024,0.1035975609756097,0.1192682926829268,0.777390243902439,325
570,2017-07-24 00:00:00+00:00,0.3436158381848037,0.0428586206896551,0.1219482758620689,0.0956551724137931,0.782603448275862,368
571,2017-07-25 00:00:00+00:00,0.3296492233256939,0.1767117647058823,0.1459215686274509,0.0685490196078431,0.7856535947712419,410
572,2017-07-26 00:00:00+00:00,0.3141538620110048,0.2466945054945055,0.153489010989011,0.048087912087912,0.7984945054945055,388
573,2017-07-27 00:00:00+00:00,0.3105645196554287,0.0406075757575757,0.1190353535353535,0.0899191919191919,0.7911363636363636,449
574,2017-07-28 00:00:00+00:00,0.2448457870631783,-0.0937782608695652,0.1018869565217391,0.1299043478260869,0.768304347826087,356
575,2017-07-29 00:00:00+00:00,0.2285569985569985,-0.1464760330578512,0.0842479338842975,0.1382809917355371,0.7775867768595041,376
576,2017-07-30 00:00:00+00:00,0.2122574955908289,-0.12907,0.0775666666666666,0.1268222222222222,0.7956666666666666,285
577,2017-07-31 00:00:00+00:00,0.2518999422799423,-0.0510816,0.11004,0.1170399999999999,0.772928,369
578,2017-08-01 00:00:00+00:00,0.2613300522229093,-0.1027973214285714,0.0894732142857143,0.1278125,0.7828303571428572,419
579,2017-08-02 00:00:00+00:00,0.2614910226385636,-0.034305737704918,0.1096229508196721,0.1171721311475409,0.7733278688524591,388
580,2017-08-03 00:00:00+00:00,0.2323511904761904,-0.1203894736842105,0.0876666666666666,0.1291578947368421,0.7833245614035088,385
581,2017-08-04 00:00:00+00:00,0.2357315050356287,-0.0263577319587628,0.1162886597938144,0.1200103092783505,0.7637731958762887,365
582,2017-08-05 00:00:00+00:00,0.2676410426223859,-0.0425179104477611,0.1102611940298507,0.1192164179104477,0.7706194029850747,457
583,2017-08-06 00:00:00+00:00,0.2648365898365898,-0.042236036036036,0.101054054054054,0.1143243243243243,0.7846846846846847,405
584,2017-08-07 00:00:00+00:00,0.2951205808080808,0.088085625,0.12921875,0.08579375,0.78506875,472
585,2017-08-08 00:00:00+00:00,0.3061092861386978,0.1072282352941176,0.1575235294117647,0.1124705882352941,0.7300823529411765,498
586,2017-08-09 00:00:00+00:00,0.3940966195468565,0.2984909952606635,0.1872938388625592,0.0585308056872037,0.7542369668246446,497
587,2017-08-10 00:00:00+00:00,0.3836848645181978,0.2581201058201058,0.1817089947089947,0.0737989417989418,0.7445820105820106,477
588,2017-08-11 00:00:00+00:00,0.2958658847612335,0.1517308139534883,0.1653372093023255,0.0905348837209302,0.7442732558139535,485
589,2017-08-12 00:00:00+00:00,0.2508886929257299,0.1082049382716049,0.1536625514403292,0.0738271604938271,0.7726213991769548,602
590,2017-08-13 00:00:00+00:00,0.357672734770802,0.2244454320566408,0.2099117973215047,0.0791938070459779,0.710904631920157,22371
591,2017-08-14 00:00:00+00:00,0.2869630543068043,0.1969903846153846,0.1835384615384615,0.0621490384615384,0.7544086538461539,569
592,2017-08-15 00:00:00+00:00,0.3471575816473775,0.2402666666666666,0.1988571428571428,0.0720816326530612,0.7292108843537415,475
593,2017-08-16 00:00:00+00:00,0.3311157296348379,0.1978503184713375,0.1927834394904458,0.078140127388535,0.7291847133757962,467
594,2017-08-17 00:00:00+00:00,0.3271511147811726,0.1621919075144508,0.1708439306358381,0.0799306358381503,0.7493468208092485,496
595,2017-08-18 00:00:00+00:00,0.3298190318053332,0.1644047945205479,0.1866438356164383,0.0816849315068493,0.7318082191780821,468
596,2017-08-19 00:00:00+00:00,0.3328655532501686,0.1703295857988165,0.1634497041420118,0.0712071005917159,0.7654378698224853,442
597,2017-08-20 00:00:00+00:00,0.3759540497295599,0.2119870748299319,0.1890952380952381,0.0690544217687074,0.7419727891156463,403
598,2017-08-21 00:00:00+00:00,0.3381935676206509,0.2689347222222222,0.1959097222222222,0.0563680555555555,0.7477708333333334,401
599,2017-08-22 00:00:00+00:00,0.3283834968450352,0.2097526627218935,0.1833195266272189,0.0717100591715976,0.7451065088757397,445
600,2017-08-23 00:00:00+00:00,0.3963180794430794,0.2952644144144145,0.1869324324324324,0.0403063063063063,0.7727882882882883,516
601,2017-08-24 00:00:00+00:00,0.3979939142982621,0.2999902173913043,0.1990108695652174,0.0434565217391304,0.7575706521739131,547
602,2017-08-25 00:00:00+00:00,0.3552215059879293,0.3034175182481752,0.1902773722627737,0.0452262773722627,0.7645474452554745,468
603,2017-08-26 00:00:00+00:00,0.3706539130803837,0.3366588235294118,0.2141372549019607,0.0477745098039215,0.738107843137255,407
604,2017-08-27 00:00:00+00:00,0.3658493666827,0.240557037037037,0.1814962962962963,0.0562296296296296,0.7623185185185185,398
605,2017-08-28 00:00:00+00:00,0.3407196969696969,0.1874904411764706,0.1785882352941176,0.0643676470588235,0.7570808823529411,480
606,2017-08-29 00:00:00+00:00,0.3435970883954755,0.2093443548387096,0.1898306451612903,0.071258064516129,0.738983870967742,475
607,2017-08-30 00:00:00+00:00,0.3496628910463861,0.2643077669902913,0.1925291262135922,0.0492718446601941,0.7582766990291263,542
608,2017-08-31 00:00:00+00:00,0.3590350377183117,0.2917302491103203,0.1853345195729537,0.0404483985765124,0.7742633451957296,606
609,2017-09-01 00:00:00+00:00,0.3242049118416306,0.288226953125,0.184,0.04313671875,0.77290625,613
610,2017-09-02 00:00:00+00:00,0.3531339351705205,0.2969092682926829,0.1950829268292682,0.0426487804878048,0.7623024390243902,545
611,2017-09-03 00:00:00+00:00,0.3596792263530461,0.2316592274678111,0.1738583690987124,0.0552188841201716,0.7709570815450644,538
612,2017-09-04 00:00:00+00:00,0.3441286051783289,0.1823342541436464,0.1803314917127071,0.0700718232044198,0.7496574585635358,532
613,2017-09-05 00:00:00+00:00,0.2826898312125585,0.2039446969696969,0.1958712121212121,0.0777045454545454,0.7264772727272727,424
614,2017-09-06 00:00:00+00:00,0.3335610999450284,0.2108821428571428,0.1935297619047619,0.0601369047619047,0.746375,489
615,2017-09-07 00:00:00+00:00,0.3256133938920824,0.1558010928961748,0.1891420765027322,0.0801530054644808,0.7308032786885246,531
616,2017-09-08 00:00:00+00:00,0.3623707916015608,0.2798213017751479,0.2099585798816567,0.0528579881656804,0.7372366863905325,505
617,2017-09-09 00:00:00+00:00,0.3374089447823625,0.1957215189873418,0.1846075949367088,0.0573037974683544,0.7581075949367089,449
618,2017-09-10 00:00:00+00:00,0.2953179087077391,0.0731265536723164,0.1488079096045197,0.0821807909604519,0.7691186440677967,532
619,2017-09-11 00:00:00+00:00,0.3749321399321399,0.2399824324324324,0.1988175675675675,0.0554391891891891,0.7458108108108108,462
620,2017-09-12 00:00:00+00:00,0.3311709854126915,0.2228123222748815,0.1828104265402843,0.0600568720379146,0.7571848341232227,533
621,2017-09-13 00:00:00+00:00,0.3421710831256286,0.191610303030303,0.1947575757575757,0.0694363636363636,0.7358848484848485,491
622,2017-09-14 00:00:00+00:00,0.3171685128596893,0.153875294117647,0.1677117647058823,0.0706705882352941,0.7616647058823529,541
623,2017-09-15 00:00:00+00:00,0.372672868236452,0.1828664739884393,0.1623294797687861,0.0652543352601156,0.7724971098265896,525
624,2017-09-16 00:00:00+00:00,0.3846888584155664,0.0945658385093167,0.1510496894409937,0.0950621118012422,0.7539813664596273,472
625,2017-09-17 00:00:00+00:00,0.3501953270925352,0.1199685279187817,0.1373147208121827,0.0718730964467005,0.7909187817258884,616
626,2017-09-18 00:00:00+00:00,0.337112949220092,0.0854238095238095,0.1363619047619047,0.0837333333333333,0.779952380952381,626
627,2017-09-19 00:00:00+00:00,0.3238891789394302,0.1649949748743718,0.1471959798994974,0.0594623115577889,0.7933668341708543,577
628,2017-09-20 00:00:00+00:00,0.3552615368820902,0.2114335968379446,0.1643043478260869,0.0541146245059288,0.7816284584980238,643
629,2017-09-21 00:00:00+00:00,0.377315191170153,0.1914797709923664,0.1542786259541984,0.0561030534351145,0.7896870229007633,598
630,2017-09-22 00:00:00+00:00,0.3031613306479616,0.1007165775401069,0.1510320855614973,0.0806417112299465,0.7683957219251337,504
631,2017-09-23 00:00:00+00:00,0.3366848315083609,0.122685294117647,0.160935294117647,0.0820647058823529,0.7571176470588236,498
632,2017-09-24 00:00:00+00:00,0.3450499269249269,0.1872737179487179,0.18575,0.0762884615384615,0.7381025641025641,492
633,2017-09-25 00:00:00+00:00,0.373794683851502,0.1925818181818182,0.1789318181818181,0.0605625,0.7605852272727273,544
634,2017-09-26 00:00:00+00:00,0.4188905746382382,0.2298710280373831,0.1776028037383177,0.0556962616822429,0.7667570093457945,565
635,2017-09-27 00:00:00+00:00,0.3564600978731413,0.2091378260869565,0.177591304347826,0.0620869565217391,0.760404347826087,604
636,2017-09-28 00:00:00+00:00,0.3550729181769851,0.2222224880382775,0.1742918660287081,0.0528133971291866,0.7729282296650718,538
637,2017-09-29 00:00:00+00:00,0.4259772748369239,0.3207179824561403,0.1922412280701754,0.0326271929824561,0.7751491228070175,529
638,2017-09-30 00:00:00+00:00,0.3049433255954994,0.251719806763285,0.1858212560386473,0.0499565217391304,0.7642657004830918,586
639,2017-10-01 00:00:00+00:00,0.3688111488111488,0.2823873873873874,0.1880315315315315,0.0436846846846846,0.7683873873873873,572
640,2017-10-02 00:00:00+00:00,0.3181217353583055,0.1959632231404958,0.1630123966942148,0.0575123966942148,0.7795537190082645,582
641,2017-10-03 00:00:00+00:00,0.3654442602314942,0.1949217021276595,0.1743063829787234,0.0652340425531914,0.760536170212766,609
642,2017-10-04 00:00:00+00:00,0.3817215694358551,0.2099152380952381,0.173247619047619,0.0644904761904762,0.7623571428571428,558
643,2017-10-05 00:00:00+00:00,0.3895601020977905,0.2498412060301507,0.180964824120603,0.0591507537688442,0.7599246231155778,543
644,2017-10-06 00:00:00+00:00,0.3447577791593749,0.1569494680851064,0.1545159574468085,0.0694521276595744,0.7761276595744682,537
645,2017-10-07 00:00:00+00:00,0.3349866437641784,0.2061214226973684,0.1938869243421052,0.0833330592105263,0.7227911184210526,4845
646,2017-10-08 00:00:00+00:00,0.3246061962207581,0.1740258734870975,0.1913490903554845,0.0979406257136332,0.7107100555682424,24832
647,2017-10-09 00:00:00+00:00,0.3208971071551925,0.1431865818421452,0.1784557205859989,0.0996181375779388,0.7219290312769301,35250
648,2017-10-10 00:00:00+00:00,0.3296444021563852,0.0931885877763329,0.168474434330299,0.1149993758127438,0.7165311833550065,34164
649,2017-10-11 00:00:00+00:00,0.3172727023559284,0.1818272750094138,0.1871432157650307,0.0876199322204091,0.7252334630350195,30309
650,2017-10-12 00:00:00+00:00,0.3326547721284563,0.1560720647773279,0.1655910931174088,0.0671497975708502,0.7673441295546558,668
651,2017-10-13 00:00:00+00:00,0.3128526656874871,0.1678669642857143,0.1688080357142857,0.0657857142857143,0.765450892857143,641
652,2017-10-14 00:00:00+00:00,0.3284901934799893,0.1860363265306122,0.1638979591836734,0.0608775510204081,0.775269387755102,627
653,2017-10-15 00:00:00+00:00,0.2989136474406184,0.1841365145228215,0.1726307053941908,0.0652365145228215,0.7622033195020746,620
654,2017-10-16 00:00:00+00:00,0.3575618262945452,0.1741294930875576,0.1737050691244239,0.0704101382488479,0.755963133640553,609
655,2017-10-17 00:00:00+00:00,0.3484135716681842,0.2270184501845018,0.1633690036900369,0.0500110701107011,0.7866642066420665,603
656,2017-10-18 00:00:00+00:00,0.341069432931135,0.2337123404255319,0.1651404255319148,0.0438851063829787,0.7910170212765958,551
657,2017-10-19 00:00:00+00:00,0.3401604750925402,0.1651086956521739,0.1674293478260869,0.0667717391304347,0.7658804347826087,529
658,2017-10-20 00:00:00+00:00,0.3191428772832713,0.115079802955665,0.1490246305418719,0.0680443349753694,0.7829655172413793,571
659,2017-10-21 00:00:00+00:00,0.3187915201647596,0.1685183098591549,0.1575586854460094,0.0592488262910798,0.7832863849765258,556
660,2017-10-22 00:00:00+00:00,0.3423948670377241,0.1486178571428571,0.1807738095238095,0.0751547619047619,0.7441904761904762,512
661,2017-10-23 00:00:00+00:00,0.3784125257130576,0.2320882978723404,0.1898989361702127,0.0618563829787234,0.7483031914893618,512
662,2017-10-24 00:00:00+00:00,0.3923562893170736,0.1726202614379085,0.1745882352941176,0.074313725490196,0.751202614379085,433
663,2017-10-25 00:00:00+00:00,0.3325443851783137,0.1526410714285714,0.1708928571428571,0.074375,0.7548571428571429,449
664,2017-10-26 00:00:00+00:00,0.3321393273127722,0.1237976076555024,0.1451818181818182,0.0751052631578947,0.779755980861244,535
665,2017-10-27 00:00:00+00:00,0.3065292252329289,0.0496808641975308,0.1142222222222222,0.0790864197530864,0.8067098765432099,464
666,2017-10-28 00:00:00+00:00,0.3511816067867023,0.1737050955414013,0.1618917197452229,0.0649617834394904,0.773171974522293,474
667,2017-10-29 00:00:00+00:00,0.317972175972176,0.1260866666666666,0.1533641025641025,0.0739076923076923,0.7727948717948717,492
668,2017-10-30 00:00:00+00:00,0.3408983625070581,0.1753308695652174,0.1651521739130435,0.0632260869565217,0.7716652173913043,559
669,2017-10-31 00:00:00+00:00,0.3702764249639249,0.1984503846153846,0.1676038461538461,0.0595538461538461,0.7728923076923077,606
670,2017-11-01 00:00:00+00:00,0.3003918806289495,0.0926116379310344,0.1411206896551724,0.0775905172413793,0.781323275862069,538
671,2017-11-02 00:00:00+00:00,0.3154730785721201,0.1692383386581469,0.1508178913738019,0.064108626198083,0.7851182108626198,698
672,2017-11-03 00:00:00+00:00,0.3224548636922374,0.1684774410774411,0.1535555555555555,0.0661111111111111,0.7803804713804714,661
673,2017-11-04 00:00:00+00:00,0.3138623822529401,0.1498948497854077,0.1519828326180257,0.0686437768240343,0.7794678111587983,541
674,2017-11-05 00:00:00+00:00,0.3305029058379574,0.1860567010309278,0.1523161512027491,0.0573883161512027,0.7903333333333333,570
675,2017-11-06 00:00:00+00:00,0.3474784303590273,0.18696,0.1501074626865671,0.0560447761194029,0.7938895522388059,676
676,2017-11-07 00:00:00+00:00,0.3515015814712784,0.1263490909090909,0.1487757575757575,0.0741454545454545,0.777109090909091,498
677,2017-11-08 00:00:00+00:00,0.3341117031117031,0.1524374358974359,0.1557538461538461,0.0773282051282051,0.7670051282051282,574
678,2017-11-09 00:00:00+00:00,0.3445737561896098,0.1527282926829268,0.1560390243902439,0.0779414634146341,0.7661073170731707,568
679,2017-11-10 00:00:00+00:00,0.3541247362352889,0.1692924623115577,0.1513065326633166,0.0683567839195979,0.7803869346733668,551
680,2017-11-11 00:00:00+00:00,0.3613207028165754,0.1407533018867924,0.1484198113207547,0.0796179245283019,0.7720141509433962,541
681,2017-11-12 00:00:00+00:00,0.3501783463615014,0.1564320855614973,0.1453422459893048,0.0834224598930481,0.771283422459893,510
682,2017-11-13 00:00:00+00:00,0.3568892553054856,0.1013670157068062,0.1299267015706806,0.0813246073298429,0.7888115183246074,506
683,2017-11-14 00:00:00+00:00,0.3593120593273032,0.2087552845528455,0.1579471544715447,0.0650365853658536,0.7770772357723578,550
684,2017-11-15 00:00:00+00:00,0.3353642546453705,0.157207296137339,0.1447596566523605,0.0716738197424892,0.7835965665236052,575
685,2017-11-16 00:00:00+00:00,0.3278636363636363,0.156540294117647,0.1310794117647059,0.06195,0.8070205882352941,722
686,2017-11-17 00:00:00+00:00,0.3242969341264795,0.1403674825174825,0.1241083916083916,0.066041958041958,0.8099265734265735,616
687,2017-11-18 00:00:00+00:00,0.3425767862213645,0.191939156626506,0.146433734939759,0.0655481927710843,0.7880361445783132,447
688,2017-11-19 00:00:00+00:00,0.3234794372294372,0.090180487804878,0.1225894308943089,0.0800447154471544,0.7974308943089431,558
689,2017-11-20 00:00:00+00:00,0.3006754286203438,0.2075080508474576,0.150843220338983,0.0603008474576271,0.7889449152542373,597
690,2017-11-21 00:00:00+00:00,0.3191935973092689,0.1680444029850746,0.1376716417910447,0.0703246268656716,0.7921082089552238,597
691,2017-11-22 00:00:00+00:00,0.3278085467772967,0.1319133333333333,0.1325416666666666,0.0793291666666666,0.7882166666666667,495
692,2017-11-23 00:00:00+00:00,0.308128564557136,0.1063167487684729,0.1196896551724138,0.0807980295566502,0.7995615763546798,431
693,2017-11-24 00:00:00+00:00,0.3159090751558,0.0603650655021834,0.1186026200873362,0.0888515283842794,0.7926419213973799,498
694,2017-11-25 00:00:00+00:00,0.3096016113516113,-0.0078061904761904,0.1113857142857143,0.0996761904761904,0.7890238095238095,506
695,2017-11-26 00:00:00+00:00,0.3777353205952427,0.259215953307393,0.1778949416342412,0.0611322957198443,0.7609805447470818,622
696,2017-11-27 00:00:00+00:00,0.3233692387859054,0.148700350877193,0.1387298245614035,0.0705578947368421,0.7907473684210526,567
697,2017-11-28 00:00:00+00:00,0.3593461781310078,0.1464798761609907,0.1347863777089783,0.0703219814241486,0.7949628482972138,636
698,2017-11-29 00:00:00+00:00,0.3809695831665529,0.1999759906759906,0.1551445221445221,0.0695710955710955,0.7753286713286713,843
699,2017-11-30 00:00:00+00:00,0.4021757116872059,0.1747229885057471,0.1407011494252873,0.0729482758620689,0.786405172413793,649
700,2017-12-01 00:00:00+00:00,0.3955515581104349,0.1942485507246376,0.1521811594202898,0.0684999999999999,0.7793985507246377,504
701,2017-12-02 00:00:00+00:00,0.3734473506617903,0.1642366379310344,0.1527068965517241,0.0744525862068965,0.7729353448275862,532
702,2017-12-03 00:00:00+00:00,0.3728154195581581,0.2022954356846473,0.1566597510373444,0.0643029045643153,0.7790954356846473,609
703,2017-12-04 00:00:00+00:00,0.39431815414556,0.1976050209205021,0.1542008368200836,0.0599330543933054,0.7859037656903766,566
704,2017-12-05 00:00:00+00:00,0.3810680324532783,0.1351370491803278,0.1408032786885246,0.0748,0.7844754098360657,696
705,2017-12-06 00:00:00+00:00,0.3700726273535552,0.1466376288659794,0.1367087628865979,0.0728324742268041,0.7905077319587629,1019
706,2017-12-07 00:00:00+00:00,0.3656789311028684,0.1775463087248322,0.1600514541387024,0.0769597315436241,0.7630089485458613,1022
707,2017-12-08 00:00:00+00:00,0.3848350594150099,0.1711308696252193,0.1834526743291998,0.1054932870689825,0.7110594799203517,79483
708,2017-12-09 00:00:00+00:00,0.3914700469932583,0.1954902885176965,0.1897007125335825,0.0976458824903632,0.7126546197874081,67702
709,2017-12-10 00:00:00+00:00,0.3857630541839526,0.2124359375,0.1573781249999999,0.06219375,0.7804875,762
710,2017-12-11 00:00:00+00:00,0.3893948637765482,0.21555935828877,0.1500534759358288,0.0672647058823529,0.7827486631016043,828
711,2017-12-12 00:00:00+00:00,0.3554891193208501,0.2272097633136094,0.152198224852071,0.0645532544378698,0.783292899408284,799
712,2017-12-13 00:00:00+00:00,0.3270755065184413,0.2058847826086956,0.1668514492753623,0.0736159420289855,0.7595760869565218,773
713,2017-12-14 00:00:00+00:00,0.4029693934418072,0.2542027586206896,0.1614275862068965,0.0584793103448275,0.7800620689655172,777
714,2017-12-15 00:00:00+00:00,0.3424793113299825,0.1895248322147651,0.1447583892617449,0.0675268456375838,0.787755033557047,806
715,2017-12-16 00:00:00+00:00,0.3472255553909546,0.1050190114068441,0.127148288973384,0.0822015209125475,0.7906653992395437,634
716,2017-12-17 00:00:00+00:00,0.3330746106618747,0.2095498113207547,0.1441811320754717,0.0584,0.7974264150943396,600
717,2017-12-18 00:00:00+00:00,0.3426211149327587,0.1580243150684931,0.1535205479452054,0.0696472602739726,0.7768801369863013,684
718,2017-12-19 00:00:00+00:00,0.3563140704093085,0.2107019047619047,0.151631746031746,0.0640761904761904,0.7843523809523809,762
719,2017-12-20 00:00:00+00:00,0.3694140211895736,0.0965325966850828,0.1301408839779005,0.084903314917127,0.7850193370165747,868
720,2017-12-21 00:00:00+00:00,0.3453165957823852,0.0349473684210526,0.1131157894736842,0.1035131578947368,0.7834184210526316,902
721,2017-12-22 00:00:00+00:00,0.3807174123030604,0.1076857142857142,0.1345952380952381,0.0889788359788359,0.776489417989418,890
722,2017-12-23 00:00:00+00:00,0.3880697612062502,0.1411588235294117,0.1419963235294117,0.0789705882352941,0.7790404411764706,762
723,2017-12-24 00:00:00+00:00,0.3457294191661144,0.1821004291845493,0.155763948497854,0.0703304721030042,0.7739699570815451,668
724,2017-12-25 00:00:00+00:00,0.365203489496094,0.1797668810289389,0.1398392282958199,0.0773151125401929,0.7829228295819936,780
725,2017-12-26 00:00:00+00:00,0.3528132617195117,0.1621412162162162,0.139027027027027,0.0699729729729729,0.7910608108108108,831
726,2017-12-27 00:00:00+00:00,0.4050520134697071,0.1694345070422535,0.1494788732394366,0.068806338028169,0.7817147887323944,747
727,2017-12-28 00:00:00+00:00,0.3862588446118146,0.1710247422680412,0.1462783505154639,0.0693127147766323,0.7844432989690722,700
728,2017-12-29 00:00:00+00:00,0.363707483373535,0.1553369003690037,0.1486199261992619,0.0721143911439114,0.7793616236162362,737
729,2017-12-30 00:00:00+00:00,0.3706756713690317,0.1758481099656357,0.1447628865979381,0.0662508591065292,0.7890481099656358,734
